"group_id","logistic.R2","logistic.AICc","gompertz.R2","gompertz.AICc","quad.R2","quad.AICc","cubic.R2","cubic.AICc","Akaike_weight_logistic","Akaike_weight_gompertz","Akaike_weight_quad","Akaike_weight_cubic","PopBio_units","Temp"
1,0.981398748992407,-20.6866142055773,0.634906726417571,68.586211593901,0.9354190521457,15.4094133540236,0.989971497405513,-35.6607138445419,0.00055997973853555,2.30581520733386e-23,8.12867050000043e-12,0.999440020253336,"OD_595",5
2,0.997586056794871,-105.90898501209,0.448928952734021,54.5205062693446,0.661629117083138,37.4345635682397,0.88080223019174,10.1191950142052,1,1.45605775236589e-35,7.47040104891963e-32,6.37970848749495e-26,"OD_595",5
3,0.99169108258471,-38.489701621589,0.649545024254329,72.9675119151908,0.707247542636497,64.8082424392984,0.911907583700534,32.9229839365685,1,6.27153133235853e-25,3.70797204443951e-23,3.11123174985406e-16,"OD_595",5
4,0.958872983430177,9.28549079529481,0.635309175390183,79.8009548250404,0.833375641660358,52.6568680163681,0.964343358127411,7.72240527944613,0.313987481655814,1.52993815317389e-16,1.19932651074934e-10,0.686012518224253,"OD_595",5
5,0.117702970927336,63.6507082415029,0.138127085563912,66.0573039484341,0.206401179893293,60.7900394019689,0.20734295617242,63.7969400866047,0.15601129069763,0.0468349878589959,0.652142307184883,0.145011414258491,"OD_595",5
6,0.982319790743345,-32.2431812088759,0.398286197575929,72.991592591132,0.962651277944054,-10.5554499305544,0.991473171253676,-50.448775158134,0.000111341519877861,1.56753180926853e-27,2.17383279227417e-09,0.999888656306289,"OD_595",5
7,0.990972036626627,-44.9081025407906,-0.077193448236984,96.70576327074,0.849633498361728,36.6616142917806,0.982906145620925,-23.4526996412745,0.999978071499587,1.77390449825517e-31,1.93798995226708e-18,2.1928500412865e-05,"OD_595",5
8,0.98607388537803,-24.7750079581679,0.651361865174424,71.5548131547476,0.965453404387267,1.57274434871082,0.990684301087694,-33.4928580332698,0.0126305592426393,1.52639770430204e-23,2.39927960046846e-08,0.987369416764565,"OD_595",5
9,0.984437764150508,-64.4149678195882,0.640118319086187,29.6139764355451,0.958314533825053,-35.8411131183955,0.984923817489747,-62.393138391159,0.733198786609935,2.7995996011506e-21,4.57602117934562e-07,0.266800755787947,"OD_595",5
10,0.984163259177128,-53.0767094831629,0.558951151851019,46.3431872855358,0.922526734700904,-7.03630067066763,0.978958853462383,-41.8944096521771,0.996283131186984,2.56818614092733e-22,1.00192457978965e-10,0.00371686871282383,"OD_595",5
11,0.996081261232349,-70.6422415674039,0.429037294873619,76.7648543873381,0.883897670707707,27.6301191071829,0.988984912228958,-37.7288259876608,0.99999992872412,9.79390271547172e-33,4.57538861047191e-22,7.12758796102219e-08,"OD_595",5
12,0.986555483659325,-34.5719628443239,0.686197313419884,59.7256656294807,0.955356053039467,0.232312215019107,0.991873912324702,-46.2311939973347,0.00293059304432669,9.78330657714441e-24,8.115274454504e-11,0.997069406874521,"OD_595",5
13,0.995177760843324,-89.6120503932575,0.457015907714738,50.321386384601,0.870306209546268,5.85414692135934,0.979913955659578,-45.2932016853209,0.99999999976216,4.10998547175177e-31,1.8611383103206e-21,2.37839662988699e-10,"OD_595",5
14,0.176267713958646,33.3069817289534,0.226718113197127,34.4161546445495,0.572014944111517,14.3190199502249,0.573863576394511,17.1355154578688,6.04999875152806e-05,3.47457304905008e-05,0.803412892371489,0.196491861910505,"OD_595",5
16,0.98704557245345,-19.1729249967411,0.747966884000903,69.8446671135906,0.869052816378365,47.9144117123047,0.971184676469739,6.95372492534594,0.999997878372513,4.6781544463608e-20,2.70501083749492e-15,2.12162748398186e-06,"OD_595",5
17,0.0616481120895598,56.0012863976159,0.190811000603014,54.8428382729339,0.204157520910583,51.3890213972811,0.209643027745934,54.1834997674009,0.0653519387035748,0.116630540900237,0.65584180323974,0.162175717156448,"OD_595",5
18,0.928844422558363,-50.3572126014727,0.693503027708067,-5.06534781267647,0.905401413646173,-42.0987717874419,0.928763062568455,-47.3820436722515,0.805144466604996,1.17725443748395e-10,0.0129591398085329,0.181896393468746,"OD_595",5
19,0.973924344038828,-4.65967402319167,0.757785281835103,62.9182057407315,0.966211417421414,2.85482902055971,0.982542803707923,-13.3539007994161,0.012774902654068,2.70400480717881e-17,0.000298266169213609,0.986926831176718,"OD_595",5
20,0.100131635237959,35.7836696400376,0.139860509990894,37.4162350188677,0.510372679226766,18.1341548180924,0.510933346065203,21.0429571964813,0.000119186922145003,5.26891918168069e-05,0.810535521652804,0.189292602233234,"OD_595",5
21,2.29511631921753e-08,48.5129304390715,NA,Inf,0.285041446969764,45.157623611001,0.463834929802378,51.2797986832155,0.151430348748069,0,0.810603627312191,0.0379660239397393,"OD_595",5
22,0.985813944624682,-42.1461820770758,0.834737238467429,31.9988867255219,0.981611217839127,-34.6212230073334,0.993584642146158,-62.2175289815132,4.38069412273271e-05,3.47652862350208e-21,1.0174634796606e-06,0.999955175595293,"OD_595",5
23,0.94822796813419,2.27673186978733,0.353724603779923,61.2100548787793,0.736854343247935,38.0455997021443,0.88819053651343,22.6126054570951,0.999961602947854,1.5950519506348e-13,1.70951282110549e-08,3.83799568586592e-05,"OD_595",15
24,0.991882238212619,-42.9521509304006,0.878962652270241,41.0091895495747,0.64241620690638,70.6073064710971,0.749905175774988,62.7814191281469,1,5.86174022894293e-19,2.19218469477688e-25,1.09710194707776e-23,"OD_595",15
27,0.903228085297612,13.9806442534888,0.245483665348852,62.5595455585759,0.820899234179804,27.5236631974781,0.945000102022022,4.9471424174104,0.0108062725542405,3.0542285338594e-13,1.23835944025944e-05,0.989181343851051,"OD_595",15
28,0.911059983691842,26.6771257537055,0.682065956449599,60.4783587116631,0.797582144104718,46.4140534154181,0.908228948422021,30.6572296210782,0.879708520954762,4.02248396040989e-08,4.55532547018926e-05,0.120245885565697,"OD_595",15
29,0.956423268551294,6.58742270975258,0.189927616500085,77.1144187035692,0.667519710015039,53.3247395648952,0.886187730003025,31.9752335067268,0.999996930160712,4.84457935505932e-16,7.09772652851939e-11,3.0697683098077e-06,"OD_595",15
30,0.977892858445685,-16.6982536939087,0.312592379654,65.6605510187519,0.687007501703567,44.2581522562456,0.849212872962246,30.7682086778612,0.999999999950649,1.30620935115421e-18,5.80075642290021e-14,4.92933867966119e-11,"OD_595",15
31,0.943478014282288,-5.63567302946248,0.118252001099386,58.2014712017734,0.432822194759447,45.0972763552246,0.618698936578944,39.7584962369601,0.999999999851434,1.37385297935518e-14,9.62675713927472e-12,1.38925314443577e-10,"OD_595",15
32,0.871880159838705,26.7022983427878,0.0858895247609237,78.9848270057473,0.424605722835422,64.2545340442799,0.623335230804636,56.8199307876615,0.999999704557791,4.43601516900979e-12,7.00866815441477e-09,2.88429104967067e-07,"OD_595",15
33,0.886443574286739,16.8770537844319,0.0958382555008797,67.9025367352688,0.563756995883807,47.8327441415248,0.740784215728033,39.1675463844156,0.99998536672465,8.31669555547571e-12,1.89692819626023e-07,1.44435742141249e-05,"OD_595",15
34,0.838759331664304,33.5011620015101,0.0591321490530903,77.3781576155817,0.548514098771676,57.1830214422122,0.751290235006399,46.7762877563405,0.998684312902657,2.96250907435846e-10,7.19412185995535e-06,0.00130849267923169,"OD_595",15
35,0.90641362929434,37.3120894610867,0.719536429305316,78.4622895507043,0.577041483240678,90.1057165132748,0.6652210432591,84.6582219379127,0.999999998784509,1.15970514901171e-09,3.43565498965428e-12,5.23501538560142e-11,"OD_595",15
36,0.91707386657417,14.5987541587886,0.387314988493202,67.7541664853239,0.609363359084491,53.3444433579652,0.817478126609535,37.4796430759222,0.999989244529918,2.86710897740561e-12,3.85900925881235e-09,1.07516082052131e-05,"OD_595",15
37,0.971076078656046,12.9791403880351,0.823526990651889,59.6111856570984,0.585339621228443,76.8861205450833,0.83470529007236,58.0406750567321,0.99999999976111,7.48135098139575e-11,1.32670871274999e-14,1.64063538281875e-10,"OD_595",15
38,0.948088393689744,24.9812209315995,0.513306435481905,79.7645333870852,0.533360451492325,75.4895595239531,0.781326540380558,61.3632654215014,0.999999987406256,1.27044200530327e-12,1.0770940434266e-11,1.25817025430666e-08,"OD_595",15
39,0.945168898254822,23.5708570095637,0.627784381400879,72.7641045416993,0.56800313942735,73.1107147208903,0.784969553684152,59.5954562846912,0.999999984917927,2.07884456502814e-11,1.74806096248575e-11,1.50438035821926e-08,"OD_595",15
40,0.853248442260788,16.7384550620942,0.0847570966083059,60.405379228207,0.508007999418517,43.3523255059046,0.750491924990793,31.8120184146397,0.999465511993972,3.29318182009197e-10,1.66203159280978e-06,0.000532825645117509,"OD_595",15
41,0.987668378978738,-21.09721669758,-0.111222664521468,85.7341092621651,0.746003625321613,48.4813072652072,0.924899497913071,23.7631635652598,0.999999999818576,6.33683385530088e-24,7.78422699600543e-16,1.81422938871861e-10,"OD_595",15
42,0.942082318593476,9.2419761434164,0.772106468108676,55.9035737917625,0.608763964784002,70.371202772767,0.707607592361475,63.8785564274992,0.999999999924863,7.37161783716012e-11,5.32055694703443e-14,1.36715368140592e-12,"OD_595",15
43,0.968247404760285,8.73166035073907,0.60154676838356,67.7802638801315,0.880238518790539,37.9372685704753,0.956074438897135,19.2682019922469,0.994873449382175,1.498050667214e-13,4.52741802515588e-07,0.0051260978758727,"OD_595",15
44,0.888218800479883,27.1989617012935,0.23739561314997,76.5117362375601,0.851268700114611,34.0533121797608,0.972167919405155,-2.94146535342607,2.85160453095391e-07,5.58414082197765e-18,9.26159959268895e-09,0.999999705577947,"OD_595",15
45,0.947862668547456,15.1975956172386,0.652615619806834,44.2419178710047,0.846856691865153,28.1275105457915,0.916356177715895,27.1555460547559,0.995927681690614,4.91284837787768e-07,0.001550716654669,0.00252111036987916,"OD_595",25
46,0.982315576133924,-4.7348666259702,0.972211999567648,7.06898624001303,0.937691964896139,16.6750378777425,0.981218613106727,0.409440786492345,0.926674564146598,0.00253368814853471,2.07886147189844e-05,0.0707709590901481,"OD_595",25
47,0.950016111839534,16.6784035899943,0.829830389789765,39.7214942078955,0.933061381316967,21.059533745672,0.962777100688111,16.9234216779213,0.500861144913228,4.96562354058744e-06,0.0560230844977941,0.443110804965437,"OD_595",25
48,0.928433747684746,25.5758372103475,0.540592858162778,58.1322020220806,0.897570966348728,30.9540358757728,0.927375721568026,30.4626386737685,0.865945464082998,7.3784603426004e-08,0.0588341576918631,0.075220304440536,"OD_595",25
49,0.978047369597722,6.31833867118311,0.629633747670991,50.9323700894106,0.840428993863207,34.0887671509187,0.93054758456131,27.4984625424582,0.999973902944582,2.05198809047737e-10,9.32645806061533e-07,2.51642044136136e-05,"OD_595",25
50,0.979659479123247,1.3815761549643,0.798595114286621,40.4387764210315,0.810230548840512,34.8794999795738,0.896611738363081,30.4363893169808,0.99999945277187,3.30245178144181e-09,5.32130345892496e-08,4.90712643349689e-07,"OD_595",25
51,0.962354639525744,6.28126674282677,0.328203170242017,49.3153964246769,0.80181780651532,27.8739684946905,0.91219640017363,22.8623014701619,0.99972871445341,4.52001253316406e-10,2.04685253944805e-05,0.000250816569194538,"OD_595",25
52,0.974728736522731,8.22751901459767,0.576611085842008,50.4410499166556,0.770895469516578,36.8861548015248,0.887061510146421,33.2622279638305,0.999995738586025,6.81469437005016e-10,5.98211088256585e-07,3.66252141683021e-06,"OD_595",25
53,0.871108818420021,15.9451565847369,NA,Inf,0.658395955614544,29.5907298778887,0.837078943048771,24.2808739984139,0.983696154702768,0,0.00107093319894613,0.0152329120982861,"OD_595",25
54,0.868141796048443,26.5509674189572,0.191895365261363,58.4121003234848,0.635878975287183,41.7873548959381,0.772457083745103,39.4018100470304,0.997893048643533,1.2037239276149e-07,0.000490393262318419,0.00161643772175627,"OD_595",25
55,0.961999577179803,-0.811618814882175,0.372188654425664,45.9246842971248,0.781172773181363,25.4486593847421,0.880393290715753,21.0542226186702,0.999980155344832,7.10120595243038e-11,1.98446947874195e-06,1.78601146774219e-05,"OD_595",25
56,0.99245750943513,-15.941324665426,0.83609228921567,37.6823291251792,0.891903275844127,26.6582590023085,0.960692920872137,14.8359467704028,0.999999792039905,2.26867058069905e-12,5.61846720910963e-10,2.07395979647297e-07,"OD_595",25
57,0.988719335953409,-14.7298704475313,0.994077595976307,-21.5625685831548,0.385750947959442,53.2244055773498,0.564106713203592,51.5145665322498,0.0317884045321735,0.968211595467826,5.57423381387593e-17,1.31060557968895e-16,"OD_595",25
58,0.971969845411001,7.2711619456,0.586757915141693,54.6868415545432,0.643467149270284,47.9614899972853,0.802722957700124,42.8560489751296,0.999999979746891,5.05610385820934e-11,1.4595115002319e-09,1.87430365967117e-08,"OD_595",25
59,0.960498535625826,34.622099015661,0.987659229441419,18.965013317597,0.94889845686726,38.9992071837195,0.949700155514804,42.8516032401889,0.000398026454447221,0.999550863495608,4.46102827554245e-05,6.49976718957649e-06,"OD_595",25
60,0.968097464029758,13.8729925641723,0.534818057061879,63.5498373864751,0.69534785530634,52.2332394749716,0.869875944829283,41.8928516367,0.999999171992209,1.63233708725197e-11,4.67926737344065e-09,8.23312200054443e-07,"OD_595",25
61,0.988424566810522,-6.25630326030072,0.892624446055969,33.7464933498744,0.678055709113351,46.9515926926394,0.832112148840806,40.8979119836235,0.999999997881311,2.05827351058497e-09,2.79287948570244e-12,5.76225216326433e-11,"OD_595",25
62,0.942428187160009,3.64278590026925,0.23709977223323,47.0708651490494,0.6638082273007,30.1125158260437,0.808710693945642,26.3207608559405,0.999986312806498,3.71284198947467e-10,1.78716739901186e-06,1.1899654818422e-05,"OD_595",25
63,0.991247504118584,-7.37319889128081,0.577903077392314,48.5848784446119,0.846331407186231,29.8777731207923,0.937426406871429,23.7692875407563,0.99999981907066,7.06086355111331e-13,8.1480582715751e-09,1.72780575542843e-07,"OD_595",25
64,0.993181551059119,-23.8648295310519,0.988083733828125,-10.2529873920738,0.424778317120383,51.5322696965073,0.606913186442665,49.1811565656272,0.998894024642519,0.00110597535748124,4.23884310627655e-17,1.3733621426975e-16,"OD_595",25
65,0.955188793020236,21.8299294850629,0.676624616259157,56.1419296003959,0.802905013496022,44.0483421889596,0.875740654589122,41.7952853435382,0.999938801291696,3.54174479514558e-08,1.4972916544913e-05,4.61903743115627e-05,"OD_595",25
66,0.965741623381646,10.0681759861256,0.658080226462119,53.3003534752502,0.794642917302019,40.5121027782025,0.891999399726971,33.7088846263428,0.999992401285596,4.09495032520695e-10,2.4500897491127e-07,7.35329593404536e-06,"OD_595",25
67,0.94224607690041,21.5422361715445,0.504557398762936,58.4478062494868,0.662416563231859,48.0265574754064,0.754755522361573,47.8998673586474,0.999996325905642,9.68402018920839e-09,1.77419399403781e-06,1.89021634412524e-06,"OD_595",35
68,0.995786931495525,-28.5915055579354,0.995278155679706,-22.5321535951229,0.381179879748983,56.2320920719903,0.558363620767034,54.6187322555052,0.953896925504277,0.0461030744957236,3.63321631805392e-19,8.14006530126503e-19,"OD_595",35
69,0.981430844815079,5.2263532310747,0.568538531909587,59.9208108452683,0.575371683254015,55.3017509376821,0.783176563384213,48.9112933612173,0.999999999658758,1.32815705516164e-12,1.33741302453638e-11,3.265395421318e-10,"OD_595",35
70,0.954497953714693,21.1614625732887,0.169365340745397,69.3946206407092,0.439737190197266,58.8211927524532,0.704136288779578,53.9102534645962,0.9999999159335,3.35971754064682e-11,6.6419172434746e-09,7.73909854861828e-08,"OD_595",35
71,0.931000676579468,42.6615959881962,0.271719159912245,82.6771133164902,0.414996796534315,74.7244053508502,0.552909974505815,75.3582117738877,0.999999809462353,2.04522331140028e-09,1.09055940380729e-07,7.94364835729751e-08,"OD_595",35
72,0.985759106821194,-5.12134174147178,-0.0607146248109049,72.2797389996752,0.65495346785784,49.067206418403,0.805710566830386,43.4248032202295,0.999999999969559,1.55800508352283e-17,1.71043382293352e-12,2.87301942745328e-11,"OD_595",35
73,0.977129913215281,-3.08738983053902,0.400692681662948,56.5548824650581,0.642291305663741,43.6607257104335,0.784613613279032,39.1580862107607,0.999999999258619,1.11903875281916e-13,7.05952840917526e-11,6.7067394477129e-10,"OD_595",35
74,0.962810273903351,-5.11106088940867,NA,Inf,0.565085362332515,31.7756976153136,0.768133284612467,27.0075581922546,0.999999884169604,0,9.7755705138338e-09,1.06054825307746e-07,"OD_595",35
75,0.979559285890916,-5.60687787064993,0.493468944240253,50.1176694477402,0.637662689396255,40.3938721077703,0.766568079040271,37.7225468764987,0.999999999506563,7.9353903739563e-13,1.02580322539097e-10,3.90063186185499e-10,"OD_595",35
76,0.777516671059153,31.3910484782277,NA,Inf,0.594681544682121,40.988182796043,0.759562567454084,36.996408478257,0.93555096323131,0,0.00771038762802834,0.0567386491406618,"OD_595",35
77,0.985597946646653,-17.1227178464122,0.376720203826167,44.0583198992824,0.695668859012188,28.6384661196581,0.856360659025496,22.0429706839415,0.999999996756227,5.18449492338864e-14,1.15633895814785e-10,3.12808679020006e-09,"OD_595",35
78,0.970210029400028,-11.6788951358905,-0.176382065415558,51.5011761307333,0.622283095461293,28.9606761508994,0.835001344079896,20.0729899975573,0.999999871104051,1.90819074596449e-14,1.49702538816459e-09,1.27398904133927e-07,"OD_595",35
79,0.991975584170669,-19.5726427900334,0.525220368357125,57.796948161814,0.220730330728998,62.7929863777644,0.375575080732481,62.7285941735422,1,1.58272984306797e-17,1.30175986331e-18,1.34435345127344e-18,"OD_595",35
80,0.942893640801821,20.271852458386,0.347315854681131,68.0461304019888,0.252058471985068,66.575220287863,0.496126434785629,63.3883074729963,0.999999999435671,4.22617382476522e-11,8.81762101664082e-11,4.33891111760072e-10,"OD_595",35
81,0.746420404014473,31.1699330533982,NA,Inf,0.624895349825835,37.4343697304166,0.784712074706041,32.9143463414163,0.68415877508186,0,0.0298436378416561,0.285997587076484,"OD_595",35
82,0.93114653455644,25.8041638482508,0.10039710232538,73.614914997501,0.289901063987448,65.472367592748,0.557315958984539,61.5602634259097,0.999999980320132,4.14980119646763e-11,2.43309459983892e-09,1.72052750961723e-08,"OD_595",35
83,0.776319024106743,38.6599913060388,-0.0341928187837035,70.1438707258438,0.20149981629227,61.5652500701888,0.481959418774053,57.7000578981531,0.999915872679257,1.45655172528082e-07,1.06206162881536e-05,7.33610492828687e-05,"OD_595",35
84,0.961679280772459,-6.29202916839178,0.190389046523861,44.1330840885823,0.472349272401425,33.0446284637886,0.680834587730816,30.170419201866,0.999999985031051,1.12286042395463e-11,2.87179424207297e-09,1.20859260207234e-08,"OD_595",35
85,0.956033339838611,7.16877499382108,0.318551574581269,52.9472758676089,0.62712001706202,39.2361497419897,0.794656755889424,34.9542114211435,0.999998965381522,1.14636888815303e-10,1.08807191245397e-07,9.25696649521016e-07,"OD_595",35
86,0.978513376871537,-4.98093955440683,0.897650662724352,27.0394403290988,0.250092033914989,58.9644191079444,0.416487024953794,58.3715876480933,0.999999888605711,1.11394258180477e-07,1.30149272970367e-14,1.75054573741594e-14,"OD_595",35
87,0.949789456491156,15.1714759068752,0.439531442872955,60.3060058698256,0.626803055217909,49.271457117697,0.756043704319616,46.1656770223305,0.999999774383315,1.58183524882113e-10,3.93806668156782e-08,1.86077834940479e-07,"OD_595",35
88,0.990348941799028,-15.5963747938723,-0.0619945737559846,68.4390582499676,0.594177876165312,47.9640306235465,0.766567002182468,42.6839051879562,0.999999999999763,5.64855773802962e-19,1.57773234779756e-14,2.2110471304719e-13,"OD_595",35
89,0.81367697067263,38.4592169177675,0.918685857431726,36.6717690494415,0.797777652609773,39.3599622304755,0.831731021372512,44.6714509107351,0.242343174844888,0.592338779378665,0.154467256702826,0.0108507890736211,"N",5
90,0.829660317253547,37.4141892383729,0.910763197945549,37.6360110915076,0.815507822230267,38.2921266111137,0.83495652548564,44.4000803541852,0.389085286586566,0.348238517023118,0.250843660601599,0.0118325357887166,"N",5
91,0.903511895424176,24.1769989044486,0.952835312817252,23.6368152411085,0.895669523282639,25.0365805910273,0.915898977848111,29.9989211146746,0.331658093160681,0.434500210886438,0.215791735509455,0.0180499604434261,"N",5
92,0.778493111669362,39.444488435412,0.789424253490272,46.2211309278492,0.774253807301489,39.6530224696059,0.776409543106121,46.8808078766386,0.510457068803264,0.0172357426981981,0.459914002354247,0.0123931861442908,"N",5
93,0.971196817947158,14.4048230296205,0.965945989294173,27.9119805381477,0.969962311090141,14.7825262203506,0.970442087221405,26.6376135641475,0.546065407451549,0.000637092774074189,0.452092663729703,0.00120483604467387,"N",5
94,0.881925085929851,27.3629477010629,0.923622561899898,29.9043296031817,0.86227755036087,29.0560802122944,0.871711565638323,35.608861211272,0.579468518172128,0.162620681967728,0.248525406523597,0.00938539333654765,"N",8
95,0.98740754504996,0.450535476024985,0.987007364661148,9.76338411031124,0.948712036798807,14.4941181568557,0.986462551996959,10.1741549785686,0.982193742879603,0.00933120599039028,0.000876338578707282,0.0075987125512992,"N",8
96,0.900325560998124,23.6527494814008,0.944925804079995,24.4605751213682,0.870467117661458,26.5350299990189,0.891751632399555,31.8937920554905,0.520671672559093,0.34765368842847,0.123220988435362,0.00845365057707522,"N",8
97,0.859143542591649,31.6764755858717,0.925009516226968,32.0756276343343,0.84470630742397,32.7498201176303,0.845459953526767,40.0296400827539,0.413373535692971,0.338585147651701,0.241695667659555,0.00634564899577255,"N",8
98,0.814285883361161,35.514197766628,0.9074802277238,35.1828839122453,0.774600554664587,37.6445199915799,0.79539570394226,43.9130941332113,0.393724919040848,0.464661608786368,0.135706081005262,0.00590739116752254,"N",8
99,0.951700161790872,9.74353409053092,0.986436020997912,0.789121959303536,0.771843994706452,28.3747511037884,0.921379442062177,21.8757084442004,0.0112371033752012,0.988735812481199,1.01143273662531e-06,2.60727108636296e-05,"N",16
100,0.857571085365285,25.6587558369239,0.969320622674038,13.5214419220802,0.748633402907662,32.4755885070909,0.836506623533311,33.5996234990459,0.00230865880889475,0.997571386015039,7.64017573298501e-05,4.35534187365186e-05,"N",16
101,0.921763267142566,14.4905344286092,0.979440647819195,2.68845963824254,0.801323225036594,26.6057543102261,0.900690615568515,23.1624734721101,0.00272902092592104,0.997228872561034,6.38587326188699e-06,3.57206397831314e-05,"N",16
102,0.888021889914849,23.1827596652804,0.42230405003356,50.0838639497772,0.745900087061222,33.835273500561,0.860946207484817,31.569435064013,0.980431093821904,1.41226599538402e-06,0.00476708710691248,0.014800406805188,"N",16
103,0.958815848599228,6.02635171143194,0.991142551849487,-8.38055216405099,0.794507234546664,26.921996885723,0.930038624824824,18.4863476690617,0.000743458835106148,0.999255055386759,2.15687625524311e-08,1.46420937230853e-06,"N",16
104,0.733894372259111,20.3883171670159,0.527707311691221,33.4179181357141,0.624008863863251,24.8820563166264,0.684079978762521,28.1904905855899,0.886972269014727,0.00131391763267219,0.0937792994247672,0.0179345139278333,"N",25
105,0.730806380625669,20.4427820052115,0.65598419536077,29.2025477380343,0.694997049553368,22.0663592181584,0.73154109842225,25.9786807988423,0.658162956134254,0.00824469273057707,0.29226588349962,0.0413264676355493,"N",25
106,0.816686766318754,13.7208534978165,0.511120659620522,32.0442337785633,0.655221825949524,21.9330170338366,0.697398363747354,25.8081532436495,0.981402368406755,0.00010303283002556,0.0161658463853394,0.00232875237788034,"N",25
107,0.849285511868267,18.2980804750098,0.50339463639317,40.850873648163,0.757579052600311,25.4274068832908,0.800669691390073,27.1583879076004,0.961324156316859,1.21784787360478e-05,0.0272117389547454,0.0114519262496591,"N",25
108,0.898263459891371,9.08474891273075,0.898640810004439,15.3258713543412,0.68738016941094,22.555964775921,0.774606270474979,24.9160102016833,0.956310715511736,0.0422042807582183,0.00113595640635552,0.000349047323690392,"N",25
109,0.462872769769553,39.65411183607,0.604314951365017,43.6256644265467,0.464245270372922,39.6259679853245,0.50809641440765,46.0199702961623,0.456015185692728,0.0625990320595658,0.462477559738179,0.0189082225095278,"N",32
110,0.387641617905334,44.9081765215607,0.715537577582815,43.8076279057876,0.384866609582911,44.9579123230271,0.48067804198699,50.428779496407,0.26508042709585,0.459577498685005,0.258569722646112,0.0167723515730339,"N",32
111,0.561894760742964,40.7261401771664,0.775039101897845,40.7276154285687,0.553538291506708,40.9339794966943,0.614046570323605,46.6653066692616,0.338766579358562,0.338516788560323,0.305329540500782,0.0173870915803332,"N",32
112,0.591814121428541,41.8708390477464,0.838918387435798,36.9988152313954,0.577884744556395,42.2735079099904,0.644120656914268,46.510982462624,0.0749440815914394,0.856414223323504,0.0612771995752856,0.00736449550977103,"N",32
113,0.533050582802118,35.2842509938657,0.776818519411213,32.7111370876752,0.525392510550159,35.4794572375995,0.677544611343331,37.126891593215,0.168767762382403,0.610989965445736,0.153073846361467,0.0671684258103931,"N",32
114,0.990297474992905,16.9698011639305,0.997316866584047,17.40119337867,0.987166389865535,19.4869334009428,0.998342578946529,13.0656910176855,0.10949079167265,0.0882474097437464,0.0311020686453445,0.771159729938259,"CFU",2
115,0.96308860542182,30.0781216163045,0.991779056337997,36.730105912362,0.947384010485015,32.9141196738194,0.975393517843053,45.5007051710288,0.782115977738517,0.0281067817503067,0.189427053776345,0.000350186734831204,"CFU",4
116,0.969823004031022,32.9114113777493,0.993959584250781,15.4464679671503,0.950359081560117,39.8797090908588,0.986887642925383,26.2976192081392,0.000160529947754816,0.995452036322975,4.92503636809812e-06,0.0043825086929017,"CFU",7
117,0.969270538932546,29.4284691226661,0.996585964704966,12.5912068235348,0.949239772186925,34.9492733408153,0.987448370921976,26.9127173403179,0.000220493622345788,0.998989872990246,1.39498207928221e-05,0.000775683566615889,"CFU",10
118,0.971887664771292,24.8300715165242,0.987880472793976,29.2575571456548,0.965649220085922,26.6338179213633,0.974677481698471,35.8894418732153,0.658298876073604,0.0719460284161779,0.267143467282639,0.00261162822757912,"CFU",15
119,0.982125434050401,20.6844593412611,0.995769023769033,19.7159448745955,0.975420925955571,23.5511089805327,0.993626381032441,23.4035570048811,0.320691641209279,0.520472615878563,0.0764896335513859,0.0823461093607721,"CFU",20
120,0.990225491860104,13.9262472336652,0.995970994946961,14.0636639730572,0.987928283618835,16.037121641806,0.995798132018656,14.4837612080712,0.329124607437466,0.307270373478948,0.11454860388454,0.249056415199045,"CFU",2
121,0.99269162706783,42.2216001015249,0.990477490922995,Inf,0.995178177633051,39.7263877404093,0.996566237250278,Inf,0.223114795483435,0,0.776885204516565,0,"CFU",4
122,0.963538993653028,34.1457043856842,0.995083323822158,11.1507109577834,0.950090829769232,38.541163814401,0.99106397991384,19.5151170911114,1.00026816779475e-05,0.984953724441931,1.11084780322838e-06,0.0150351620285881,"CFU",7
123,0.995607640175466,2.59601825919414,0.990522994240993,18.1644701013642,0.98882611055394,14.7342889364457,0.995643652736203,8.06042166013951,0.936500336088975,0.000389817717430634,0.00216628678342865,0.0609435594101658,"CFU",10
124,0.98796480062415,16.7838014251051,0.994684334823951,13.263385917752,0.977684731107533,24.1930275502407,0.997805974606858,2.64434328987683,0.000845546065563347,0.00491570471982141,2.08086671018838e-05,0.994217940547513,"CFU",15
125,0.987122858666897,20.4874662518774,0.993346967428613,26.5440374916128,0.986940345298154,20.6141316603554,0.991949461644715,28.2600331938289,0.498119313459045,0.0241082477856915,0.467550296645313,0.0102221421099508,"CFU",20
126,0.885555871943363,27.918874877663,0.990337171766556,12.2008713159892,0.867896845749756,29.353838374255,0.909262569526307,34.5977070481134,0.000386032092990929,0.999411904340932,0.000188375772947452,1.36877931301264e-05,"CFU",2
127,0.992582000116361,22.2977736972571,0.994362872193389,62.3760302251328,0.984473278551435,27.4683449817844,0.984957855902986,69.2463985296104,0.929908562066314,1.84313615903824e-09,0.0700914360311654,5.93848819723283e-11,"CFU",4
128,0.921451081816739,39.4530998818359,0.996993286442544,-1.17157988196965,0.943681097299524,34.7954207870224,0.992431737562504,11.7520422632569,1.50586154921524e-09,0.998440454672641,1.54592068698912e-08,0.0015595283622904,"CFU",7
129,0.983163853671531,15.923214928729,NA,Inf,0.984283962196914,15.0970577064231,0.984582667105142,21.1525001770537,0.386898415477402,0,0.584782964429737,0.0283186200928609,"CFU",10
130,0.995221329999817,7.81249462386208,0.996293415041784,12.3512635594885,0.99590468549181,6.11498839790378,0.996284249383517,12.3784308281117,0.282319334963795,0.0291849847445343,0.659704453321982,0.0287912269696889,"CFU",15
131,0.996311490339667,9.75645970437624,0.99692816397547,20.1099362188199,0.995113759335865,12.2872663383056,0.996802714112624,20.4701778984324,0.773701828369457,0.00436862497026645,0.218281005273459,0.00364854138681717,"CFU",20
132,0.971577388246212,25.8269055280732,0.992885881518639,17.9240982843004,0.959201908480285,29.8028586844967,0.960830701140215,36.6880293990817,0.0188147927718126,0.97852568111535,0.00257710540175074,8.24207110868772e-05,"CFU",2
133,0.981988626953453,32.9245067985895,0.994848936395719,66.1619055677393,0.977280080785909,34.5501773054529,0.977947301519704,76.3415278597981,0.692713321048885,4.1989828435704e-08,0.307286636702663,2.58623035941392e-10,"CFU",4
134,0.93547890724914,33.6326815961987,0.99222303132896,17.6919337866597,0.913294618736708,36.883442953471,0.994608211329858,13.6627498182484,4.06620921422936e-05,0.117673623202764,8.00379322794313e-06,0.882277710911866,"CFU",7
135,0.984928579698299,22.6001563835381,0.996376849043792,9.64065464053322,0.973041701634214,30.1595382382086,0.986668360698378,26.5770030028514,0.00153146795380244,0.998223894025657,3.4963024982585e-05,0.000209674995557834,"CFU",10
136,0.992330373604874,14.6159950314564,0.992277902877482,20.983526167264,0.987788349871971,20.1974652751946,0.992763911663168,20.2034637706429,0.859108221926844,0.0355923003474287,0.0527286936084087,0.0525707841173188,"CFU",15
137,0.994986718588609,13.9996561077379,0.998318291061328,16.1691345665971,0.991356743204392,18.9018551520105,0.996679301213701,22.2924171977091,0.69443950253018,0.23471354650647,0.0598598218839318,0.0109871290794185,"CFU",20
138,0.946762621287131,31.8756113071531,0.998132767888182,2.35560529600427,0.924433764462729,35.7283481789216,0.938955898827506,40.7141386162434,3.88876721142778e-07,0.999999549789888,5.66501109096773e-08,4.6832800349849e-09,"CFU",2
139,0.962491976702355,34.3675367677658,0.991903530613383,65.6356493341221,0.953833497321492,35.8214341089396,0.962811866989452,76.3075806519529,0.674135248425861,1.09386231880921e-07,0.325864641661185,5.26722924834866e-10,"CFU",4
140,0.928775907793433,33.7109694902229,0.99509117424212,7.89912727777734,0.909966626400515,36.5231609041773,0.996578421039788,3.56793570313795,2.55489121670356e-07,0.102882790130457,6.26199630059447e-08,0.897116891760458,"CFU",7
141,0.974473789127507,24.3975194327925,0.995811574521548,6.47299605590534,0.956497565644008,31.3279636953873,0.978336012027369,27.8362400234306,0.000128136199325127,0.999844897948396,4.00631403022312e-06,2.29595382484857e-05,"CFU",10
142,0.996237071506367,0.100761890323382,0.997242385582777,2.65649764135301,0.994922861545851,3.69536546044984,0.996816130651727,4.38127286841766,0.640204442268217,0.178380639428248,0.106111006929113,0.0753039113744223,"CFU",15
143,0.999369515924419,-2.68754546175357,0.998294974907431,23.9378988719723,0.996271395593953,11.5308656620382,0.999359686654811,16.1028792858681,0.999098494830415,1.65183448488465e-06,0.000816807202123429,8.30461329767731e-05,"CFU",20
144,0.970421385089501,29.8761897774163,0.992883847993496,24.6293447756239,0.952640684810026,34.5833087755823,0.987311662600423,30.4125060331925,0.0639278616054086,0.881105867477989,0.00607508381680197,0.0488911870998,"CFU",2
145,0.98221952778287,45.256838466585,0.986925630074141,Inf,0.980326735789214,45.8637971387786,0.991799476435941,Inf,0.575292848337039,0,0.424707151662961,0,"CFU",4
146,0.902778491143765,45.3474231194053,0.998569749842872,-3.9300022065203,0.930591480794787,40.9666524859656,0.985317325525348,26.3446425508177,1.9931635361284e-11,0.999999733150238,1.78162045268351e-10,2.66651667735915e-07,"CFU",7
147,0.983950512791705,21.149766165902,0.985846386211283,27.1003234175647,0.985479586556964,20.0484305855338,0.986778004488753,26.351353069163,0.349692076019044,0.0178459101480326,0.606509732125517,0.0259522817074063,"CFU",10
148,0.98678649962801,21.3752853271788,0.994537467703884,17.0610805370771,0.989700595450246,18.3854495728537,0.989969836730439,24.353293423794,0.0697806706073112,0.603327062005409,0.311149941556104,0.0157423258311758,"CFU",15
149,0.978951463827567,27.7073536014965,0.992721147854836,30.1506330433056,0.972835575159734,30.0030483092292,0.987167015095004,35.2540436645944,0.611605584941599,0.180268586289395,0.194074140161379,0.0140516886076272,"CFU",20
150,0.98520998220773,19.6626125407488,0.998853329900182,3.09170951099403,0.971804931986045,26.11455843886,0.995484955779109,16.7972375539791,0.000251826713621613,0.998683031495215,1.00018318134295e-05,0.00105513995934954,"CFU",2
151,0.991651340889934,44.7654439113297,0.994996102180879,Inf,0.988732277216846,46.5644917547143,0.994307753777276,Inf,0.71085165856197,0,0.28914834143803,0,"CFU",4
152,0.943220870333855,38.6300652411244,NA,Inf,0.9213248092232,42.8701328270149,0.98789456446511,24.1098085202141,0.000702464669935528,0,8.43151289994429e-05,0.999213220201065,"CFU",7
153,0.965323229091388,27.1647215405756,0.991601684084062,16.4339697826389,0.949304513630617,31.7219236669788,0.970418862333669,31.5432383944633,0.00464930227866643,0.994353760992022,0.000476215925570572,0.000520720803740559,"CFU",10
154,0.973973321592564,26.8767525635926,0.989417214348989,26.87781837638,0.958137521706624,31.6294307141551,0.993870049297065,21.4173985979746,0.0574043181047484,0.0573737351262605,0.00533228820880878,0.879889658560182,"CFU",15
155,0.987251192410045,21.1037852039002,0.990112241543113,37.737329691676,0.980009903635636,24.7021789979379,0.993491887637765,34.3913455472177,0.856914056615404,0.000209415572867765,0.141760743632003,0.00111578417972504,"CFU",20
156,0.979449964578804,21.3015646325727,0.998666627737384,2.95005067645188,0.965910690847344,26.3627761920595,0.982724003026948,28.5661187854461,0.000103506983900314,0.999885514376776,8.24027162834699e-06,2.73836769543939e-06,"CFU",2
157,0.99798472273269,35.5043294178173,0.9969992750729,Inf,0.994153536663978,41.8948102152451,0.995904861539591,Inf,0.960654771600865,0,0.0393452283991351,0,"CFU",4
158,0.975173538872432,27.1462034049804,0.972521585433848,33.3352306659793,0.9726572130197,28.594343884428,0.99315765592621,12.4811746987081,0.00065327367727708,2.9591362715551e-05,0.000316690801844561,0.999000444158163,"CFU",7
159,0.984289931487274,16.6227730490226,0.990006311932311,17.4803099802783,0.969792554614334,24.4682124481848,0.989361409154774,18.230722003969,0.471999886053593,0.307418582105071,0.00933955909097299,0.211241972750362,"CFU",10
160,0.989218031345165,15.4746820708684,0.99576629238493,19.0615085672921,0.982528727033238,19.8188274284791,0.991044203081501,25.8045147493127,0.777577154457974,0.129382046074435,0.088598080656236,0.00444271881135554,"CFU",15
161,0.989924396186782,43.5645056037225,0.988414911668175,Inf,0.988924036527256,44.132467221076,0.990814190930208,Inf,0.570521900816805,0,0.429478099183195,0,"CFU",20
162,0.940169341135413,37.5063222505423,0.997159840836319,22.0773991213396,0.933593854864452,38.4447646687698,0.988256290925614,34.8525175675699,0.000445253611144792,0.997597928751122,0.000278501326785943,0.00167831631094774,"CFU",2
163,0.969393016405916,39.3088666014145,0.99769149827403,63.2164601411361,0.954032470774364,42.155815992618,0.996549869116119,66.0291543405373,0.805877358182006,5.18562346790411e-06,0.19411618552623,1.27066829586741e-06,"CFU",4
164,0.930487671924219,45.7174043025472,0.991943692938766,20.6022759764074,0.920908874717773,47.5247560455872,0.990566139993193,22.8121770264029,2.64280646095208e-06,0.751183745786689,1.0705425054108e-06,0.248812540864345,"CFU",7
165,0.975025131275239,25.4754527015101,0.994913192691771,12.6665307985821,0.960311476647385,31.0337566214491,0.97559757827098,31.482914710926,0.00165112536803248,0.998164455817273,0.000102520257753716,8.18985569408586e-05,"CFU",10
166,0.993272773049709,14.7807104313821,0.990088527756024,30.2684793789426,0.984871495305071,22.0744695220971,0.994928119054495,24.2386489858478,0.965865056106471,0.000418591262307164,0.0251823810580625,0.008533971573159,"CFU",15
167,0.981672861279734,21.337210937755,0.993147218966611,24.4836554158414,0.978451799987472,22.7943949570625,0.994865370671756,21.8858332732719,0.408153369273926,0.0846411681839111,0.196969914578337,0.310235547963826,"CFU",20
168,0.963354990607059,27.570297878115,0.996604178545817,12.7829822984932,0.949300682435692,30.8166498834763,0.99511000511066,16.4294379647262,0.000529272546595685,0.860407419754896,0.000104410214161415,0.138958897484347,"CFU",2
169,0.9475259816927,41.4078590284862,0.991360718597993,21.2074320921394,0.930335859411856,45.3750046644268,0.988056842110121,25.741180116429,3.72125065169783e-05,0.906057790707805,5.11957835694111e-06,0.0938998772073208,"CFU",7
170,0.968850625277319,35.7074131003588,0.996923030242884,61.5034707700912,0.946674768528985,39.4707211326462,0.993752801231155,66.460786060944,0.867798951671017,2.17208277080027e-06,0.132198694104661,1.8214155199695e-07,"CFU",4
171,0.969272826030201,27.7970314912456,0.993911460510868,20.6096397224523,0.950666356550611,32.531620116582,0.984472575984289,29.9716349235489,0.0264556566435059,0.962145687583568,0.00247979447691019,0.0089188612960163,"CFU",10
172,0.991327439933502,17.3415945801848,0.992072710622393,28.532918773358,0.982840834993816,23.4829102489166,0.989297557976887,31.2343658238388,0.95141443012755,0.00353349566582571,0.0441367123962465,0.000915361810377291,"CFU",15
173,0.992795471730427,15.6572933942936,0.989634008605835,37.2345251402292,0.985423916039365,21.2946721625973,0.994313060572107,32.4316597620048,0.943456291262282,1.94663910676826e-05,0.0563093532355616,0.000214889111088182,"CFU",20
174,0.959963572450955,28.0571634085812,0.991867061672307,21.1184888862783,0.949285038090196,30.4214758620741,0.996266533482631,13.3326377573535,0.000621573788022316,0.0199621226770067,0.000190585021646488,0.979225718513325,"CFU",2
175,0.976775447741466,34.5181644463003,0.996325965592568,63.6107268667385,0.956402422674644,38.9267054838432,0.993562437006479,67.536744763094,0.900631904466103,4.33688259871039e-07,0.0993676009405302,6.09051071590985e-08,"CFU",4
176,0.958355830621836,36.8396075316588,NA,Inf,0.967507364662517,33.365536802349,0.994934525339577,12.4011737963236,4.93454625620119e-06,0,2.80305809026649e-05,0.999967034872841,"CFU",7
177,0.983147286376125,18.166843934514,0.993672785146735,12.6967397160713,0.974093657869295,23.3265573610975,0.983855422325166,23.9374288903725,0.0604515619317769,0.931591602918127,0.00458131329127927,0.00337552185881691,"CFU",10
178,0.985072651858531,22.5121174220959,0.994671272509164,32.93812399816,0.97961967066798,25.0031191094389,0.987028790909024,40.0550820071165,0.773157744653583,0.00421007224488469,0.22251227134832,0.000119911753212695,"CFU",15
179,0.921095521606134,35.8163779305788,0.994180074099494,33.6274409426122,0.950302968007074,32.1180357405598,0.991965802370195,36.2067977827983,0.0895671606998784,0.267590342084299,0.569159002881302,0.0736834943345211,"CFU",20
180,0.949008553575981,32.2494413859004,0.990116389965081,29.4824207711048,0.93179393724447,34.8673213910241,0.993722589980719,25.3971375754677,0.0277646356141382,0.110749779513795,0.00749940068076152,0.853986184191305,"CFU",2
181,0.985094136792305,53.960105173618,0.975664542632737,Inf,0.967423079998693,58.6512017104087,0.995227168082168,Inf,0.912579729152897,0,0.0874202708471029,0,"CFU",4
182,0.931408877102798,46.1452546488875,0.993974666927808,23.2446845787561,0.929669655363557,46.4457373855692,0.989929936983433,29.4078150390222,1.0179143740011e-05,0.956107784209439,8.75915577213971e-06,0.0438732774910493,"CFU",7
183,0.964566775978273,32.4211566942383,0.987151562837071,28.5957850052863,0.940555460547229,38.1124891118661,0.981591119275145,32.5515061580213,0.114073860010596,0.772422730021681,0.00662718364672848,0.106876226320994,"CFU",10
184,0.981279415670324,26.212418445521,0.997180622911583,21.1744490119912,0.966521386071621,31.4439668857116,0.992091780104738,30.4569296871892,0.0734815575934358,0.91234588167975,0.00537232210876775,0.00880023861804668,"CFU",15
185,0.964962054088486,30.3674802543299,0.996506389165086,16.3125220687498,0.962045633220523,31.1670094620472,0.998832425423858,5.35244967631611,3.68337187891784e-06,0.00415184335650574,2.46961927787412e-06,0.995842003652337,"CFU",20
186,0.928655915057999,38.9808604680387,0.914597931413158,82.2398516584707,0.938292677471665,37.9650776226117,0.969090658179274,75.1256686362217,0.375687953146485,1.51794727128343e-10,0.624312041379634,5.32208615480435e-09,"N",8
187,0.942791079594171,28.1897835624987,0.991155864990238,57.1210964008365,0.971894186369165,23.2146498208807,0.991329860035859,56.9820092399877,0.0767343915867184,4.00530224519745e-08,0.923265525422667,4.29375922330427e-08,"N",8
188,0.285184236159523,32.0550195192382,0.891317371197298,60.8698694725917,0.942696575366078,14.3893683841455,0.996784191745001,36.2273967548197,0.00014584158927443,8.06893510227658e-11,0.999836050717899,1.81076121367732e-05,"N",8
189,0.93217777244499,54.608756421257,0.90676107189861,Inf,0.997676663883729,34.3654413372279,0.998223391651983,Inf,4.0197822091125e-05,0,0.999959802177909,0,"N",10
190,0.972712441212706,48.5736540473381,0.996178624471953,Inf,0.962869794176629,50.4216536588381,0.976706901260338,Inf,0.715856392217172,0,0.284143607782828,0,"N",10
191,0.947471689299288,44.4115381311898,0.998708300139549,Inf,0.992070780730526,33.066751945149,0.997339307548273,Inf,0.00342783361962893,0,0.996572166380371,0,"N",10
192,0.930693225944175,28.6171450931923,0.989478916491515,23.6506920068966,0.916848335974475,30.2562571928637,0.967606114126197,33.7719885094435,0.0740935442186358,0.88762996414258,0.0326476329736363,0.00562885866514777,"N",10
193,0.940126233291113,19.2927141788098,0.990290858743631,14.9201786126727,0.98916276012511,3.90946311452943,0.99049888288235,14.7252525062376,0.000452561051404406,0.00402866549466701,0.991077690605129,0.0044410828487993,"N",10
194,0.988437737644284,25.7769177753823,0.996429528062192,59.5515764057573,0.98959990341059,25.0353975829578,0.99700323986912,58.3254141691768,0.40835734630924,1.89219738188591e-08,0.591642599836727,3.49320589088545e-08,"N",12
195,0.98647507159972,25.4422461808436,0.995224813593618,60.1545355430658,0.993404164998123,20.4155731915283,0.99534723799455,59.9727316254791,0.0749285143308927,2.17254739457852e-09,0.925071481117269,2.37929054378566e-09,"N",12
196,0.993063934426811,15.8057262528995,0.993573715197824,57.2713594586203,0.994057675949564,14.7232855765746,0.9971628389981,51.5482107334361,0.36790374371825,3.64406707452927e-10,0.63209624954422,6.37312325077614e-09,"N",12
197,0.93117387006708,34.8188873423436,0.913264667486534,55.3357768770526,0.940182467552674,33.6966100171625,0.984454092825399,41.583265460237,0.35885058536608,1.25813633113261e-05,0.628945600766848,0.0121912325037608,"N",12
198,0.849574387413261,26.2939450417607,0.995512971645482,16.8623873305246,0.992395319193324,2.41630712056384,0.994388648751282,18.6511945993019,6.52510946228939e-06,0.000728827139975217,0.998966665789857,0.000297981960705327,"N",12
199,0.939104878029339,17.6485287864178,0.995751463884697,15.014566714205,0.947629146411874,16.4421058651062,0.986794916740354,24.0867856801724,0.151512696755741,0.565466166557128,0.276962159641207,0.00605897704592341,"N",12
200,NA,NA,NA,NA,NA,NA,NA,NA,NA,NA,NA,NA,"N",15
201,NA,NA,NA,NA,NA,NA,NA,NA,NA,NA,NA,NA,"N",15
202,NA,NA,NA,NA,NA,NA,NA,NA,NA,NA,NA,NA,"N",15
203,0.950623690831532,32.8834724326048,0.99238886734643,61.7944612571535,0.980679243645156,26.315437106622,0.991582773096579,62.4991402622303,0.0361235645761675,1.90479894708912e-08,0.963876402984318,1.33915251298638e-08,"N",15
204,0.991964376017626,21.6574873778371,0.996312016439919,58.2058537343579,0.993074120140933,20.6171504945616,0.995977873524335,58.8129699560538,0.372812844444849,4.31632314458072e-09,0.627187148052574,3.18625359520284e-09,"N",15
205,0.972908785312074,27.8609555742011,0.992449404322294,60.9178743207163,0.973783537932529,27.6312018721938,0.988559155107658,63.8268179778617,0.47131231066172,3.12672786113432e-08,0.528687650769351,7.30164971056216e-09,"N",15
206,0.958520016704927,52.2134118466358,0.952647363093479,Inf,0.959083218822291,52.131387622662,0.980082019034264,Inf,0.489748408888654,0,0.510251591111346,0,"N",20
207,0.917889429171053,58.3946604274804,0.889428689478699,Inf,0.985335869866243,48.0586861544909,0.996484755053256,Inf,0.00566376168931865,0,0.994336238310681,0,"N",20
208,0.960504890648169,53.9668055565756,0.998376961960225,Inf,0.973121896174459,51.6576162801657,0.998123938833737,Inf,0.239650854562051,0,0.760349145437949,0,"N",20
209,0.957291025486982,47.8312015824369,0.994490927321395,Inf,0.993027502913797,36.9565876735648,0.993250870828658,Inf,0.00433233465558028,0,0.99566766534442,0,"N",20
210,0.930939204780473,55.5260131156825,0.995746646239097,Inf,0.995675749943318,38.9015222431618,0.997384275497095,Inf,0.000245431935333995,0,0.999754568064666,0,"N",20
211,0.953038778788541,52.5769060503164,0.939359059063683,Inf,0.962217029605093,51.2721238618472,0.977894916812983,Inf,0.34245091217626,0,0.65754908782374,0,"N",20
212,0.959693538998751,52.0376501863737,0.945176240487561,Inf,0.986285012679068,45.5695147136213,0.99241795911558,Inf,0.0379036300044233,0,0.962096369995577,0,"N",30
213,0.870183930175267,61.3952479470901,0.997105535441693,Inf,0.967347143676599,53.1141303504301,0.982483149499422,Inf,0.0156646694615271,0,0.984335330538473,0,"N",30
214,0.931587846045599,57.2292559536981,0.999039812471189,Inf,0.987724592902455,46.9215399916861,0.997143772771528,Inf,0.00574389095516975,0,0.99425610904483,0,"N",30
215,0.992699835393752,18.4514952814153,0.999281253968817,44.2244865434774,0.998133032264183,8.90642608629557,0.999324942804899,43.7855119969916,0.00838795960172113,2.12384288798394e-08,0.991611992708704,2.64511463334734e-08,"N",30
216,0.998085617714954,14.2642795601174,0.999444258557994,47.6063496550336,0.994260894667573,21.9496378610944,0.994792995871029,63.2685472018499,0.979013713835842,5.6318392035857e-08,0.0209862298233964,2.23690356727797e-11,"N",30
217,0.992177122311066,21.7059473226978,0.988348484598782,66.4946337206268,0.992879257693881,21.0476638135243,0.99445321028541,61.299115292454,0.418449461653956,7.86870631385389e-11,0.581550537210306,1.05705072469369e-09,"N",30
218,NA,Inf,-0.57381587121388,Inf,0.987856267551994,46.8814727531494,0.997693725764579,Inf,0,0,1,0,"N",6
219,NA,Inf,0.995006508674947,64.6414737268283,0.932002669413587,40.9208055589297,0.985422308895392,72.1409728957821,0,7.06511464143885e-06,0.999992768688175,1.66197183725122e-07,"N",6
220,NA,NA,NA,NA,NA,NA,NA,NA,NA,NA,NA,NA,"N",10
221,NA,NA,NA,NA,NA,NA,NA,NA,NA,NA,NA,NA,"N",10
222,NA,NA,NA,NA,NA,NA,NA,NA,NA,NA,NA,NA,"N",15
223,NA,NA,NA,NA,NA,NA,NA,NA,NA,NA,NA,NA,"N",15
224,NA,Inf,0.131903436505611,73.6583063754931,0.988126678441536,20.6555680348075,0.994942639132648,32.494640957737,0,3.08628808699894e-12,0.997320752489183,0.00267924750773117,"N",6
225,NA,Inf,0.458154223161763,99.456574669013,0.969559102010159,37.3022139845929,0.984516174548607,74.5702764731257,0,3.18677983751076e-14,0.999999991921239,8.07872921345389e-09,"N",6
226,NA,NA,NA,NA,NA,NA,NA,NA,NA,NA,NA,NA,"N",10
227,NA,NA,NA,NA,NA,NA,NA,NA,NA,NA,NA,NA,"N",10
228,NA,NA,NA,NA,NA,NA,NA,NA,NA,NA,NA,NA,"N",15
229,0.971529999762161,55.6871431273969,0.997982296611151,Inf,0.949570725191559,59.1174688044737,0.982549158992326,Inf,0.847504729657697,0,0.152495270342303,0,"N",15
230,NA,Inf,0.462392408700993,Inf,0.996674826697629,39.9263299396141,0.99860497768623,Inf,0,0,1,0,"N",6
231,NA,Inf,0.996044433136917,30.8036200398805,0.986307401201322,22.0708056453725,0.99856507615792,22.6915228952372,0,0.00727241866544928,0.572776807271723,0.419950774062828,"N",6
232,NA,NA,NA,NA,NA,NA,NA,NA,NA,NA,NA,NA,"N",10
233,NA,NA,NA,NA,NA,NA,NA,NA,NA,NA,NA,NA,"N",10
234,0.966781474376485,56.7632495660617,0.991013888577162,Inf,0.938744414485702,60.4349334640481,0.996597190476031,Inf,0.862456199504402,0,0.137543800495598,0,"N",15
235,0.987178155090734,51.7960110430145,0.99558284671849,Inf,0.971633547605476,56.5603521034467,0.986902048732453,Inf,0.915457574020664,0,0.0845424259793365,0,"N",15
236,0.99037701907555,0.710170802448992,0.993668045484223,-3.48394482045937,0.98611449263656,7.67731075414708,0.987225879196954,9.85048989187465,0.108894114726212,0.886635353617073,0.00334279074234948,0.00112774091436517,"CFU",0
237,0.982290622282939,13.7979241016636,0.988408969252536,13.8591372325415,0.958832553360691,24.7641196032686,0.974410738165055,24.1543730445799,0.505139410752813,0.489913030528945,0.00209957869100674,0.00284798002723491,"CFU",7
238,0.974471733193491,29.5502644869047,0.745990018931355,87.6333750363327,0.960256029980167,32.6489670276381,0.960415612276317,74.6208036416386,0.824820015261255,2.01266729426422e-13,0.175179984603829,1.34715003098763e-10,"CFU",20
239,0.967428759107778,20.8493560539985,0.997032743001975,5.89143843970917,0.916689102935242,30.2408524531914,0.951854289171135,33.7573794251556,0.000564522939722711,0.999429432021596,5.15636988063817e-06,8.88668800658594e-07,"CFU",30
240,0.255042952549866,-123.509986442813,NA,Inf,0.382021266107586,-126.68681922501,0.486924262355827,-125.728126873383,0.1120130920662,0,0.548414917407906,0.339571990525894,"CFU",37
241,0.988718498038176,2.26327339211963,0.998945189788849,-22.9727439751804,0.982779188875477,7.76167814384485,0.988959972368975,7.55342296302827,3.31182075589136e-06,0.999996241153269,2.11886556071979e-07,2.35139418628519e-07,"CFU",0
242,0.997223743214257,-4.64104182528892,0.692644562932318,49.7210699909147,0.977309779086366,14.2664326249974,0.999345083469382,-5.64020105995355,0.377628285519838,5.92218436841627e-13,2.96045597179231e-05,0.622342109919851,"CFU",7
243,0.985316934776371,10.2178688457877,0.989870482390023,10.0760489046603,0.800745082785469,46.7283315322986,0.966018355187261,27.021184429566,0.482227718545155,0.517664018125693,5.68991700722417e-09,0.00010825763923479,"CFU",20
244,0.966589633667302,24.1398050418723,0.993595500808869,13.3026181053426,0.864211246494927,39.5643809560903,0.934568362712986,38.8666747560847,0.00441378879824043,0.995581438510727,1.9742740879941e-06,2.79841694472086e-06,"CFU",30
245,0.149086586560174,-113.813589708681,NA,Inf,0.218669308712238,-115.178580044556,0.254537565719391,-111.566843482454,0.302664344381674,0,0.598914940239677,0.0984207153786485,"CFU",37
246,0.959187426871177,30.8692970574699,0.993318594233621,2.21846177166654,0.962557557739233,29.3179613325092,0.987599808943992,13.3493642453095,5.98260184842509e-07,0.996184853226685,1.29944640899003e-06,0.00381324906672086,"CFU",0
247,0.962070814828316,24.0944140748344,0.978163161886336,23.7546582685523,0.957542750367818,25.4477357423735,0.957588987053224,31.7203746978545,0.368248996308637,0.43643403134089,0.187185199047207,0.00813177330326732,"CFU",7
248,0.984419781148655,19.2187924285238,0.99723302057909,15.6645800139878,0.972516597309414,24.3270141984681,0.975599338118844,35.2562659668302,0.143044899025467,0.845784642447642,0.0111233630450255,4.70954818658832e-05,"CFU",20
249,0.0720346393245123,-60.2250150485548,NA,Inf,0.28259328401961,-62.7985298347618,0.320308120585023,-54.3385633311314,0.21396226137662,0,0.774762897524638,0.0112748410987422,"CFU",30
250,0.702552574654412,-118.950138138396,0.709683384060481,-114.974747875819,0.69634591790417,-118.619711293012,0.707685519122273,-114.8650181876,0.472942960707769,0.064798318857336,0.400919784265762,0.0613389361691331,"CFU",37
251,0.825437277853744,43.1693333331367,0.992748723984037,-6.78826777774606,0.97139892018517,12.4190593950498,0.979170386208847,11.1501026172304,1.41827413357924e-11,0.999805284995407,6.74679208065497e-05,0.000127247069603846,"CFU",0
252,0.98925931558673,6.77096008029634,0.667206990944117,51.8725941992634,0.967883058829001,18.8197533266119,0.981313889546819,20.1954518791665,0.996378223881026,1.60224459790392e-10,0.00241024958696234,0.00121152637178708,"CFU",7
253,0.982384614247715,19.9560735741938,0.998222352899932,20.2748836437178,0.925812903706216,31.4586137343607,0.970874614490202,42.6454397412869,0.53883911701065,0.459441677338292,0.00171282998071389,6.37567034439941e-06,"CFU",20
254,NA,NA,NA,NA,NA,NA,NA,NA,NA,NA,NA,NA,"CFU",30
255,0.960519195104784,21.5349019023484,0.999943638378702,-12.2126828495113,0.954252330729271,22.7135118523278,0.995089813933071,23.5255464475666,4.69683218198606e-08,0.99999990961806,2.60539241404899e-08,1.73596942721436e-08,"CFU",37
256,0.667618105604097,44.0226788953009,0.998271644704662,-24.5493661998962,0.919954849792194,24.090966547886,0.944316544716058,24.0658131433418,1.28756629984733e-15,0.999999999944835,2.7408542694751e-11,2.77554285436237e-11,"CFU",0
257,0.883964395440495,33.9378199046546,0.998468778211065,-0.340491178148298,0.85944372690114,35.8549283946002,0.90972432815666,40.4275291991828,3.60212933054584e-08,0.999999948762553,1.38122516542664e-08,1.4039021325926e-09,"CFU",7
258,0.992082890927233,15.8962142576996,0.996999658890612,26.8004798220207,0.979558854285607,23.4844038033063,0.991140702121375,35.4624120615257,0.973855092211251,0.00417506419590775,0.0219149213238963,5.49222689447327e-05,"CFU",20
259,0.951640067983789,24.25063720361,0.989297332272541,22.6770299004133,0.917694261027432,29.0365601624039,0.936891082643299,38.6463513492585,0.304092621987241,0.667898345251603,0.0277815144920915,0.000227518269064925,"CFU",30
260,0.852371748780778,40.924195914327,0.901174265785704,49.3121425816959,0.834282364043803,41.9644884007098,0.834922560735992,53.9296524684068,0.620725075806579,0.00936439693458653,0.368979847471007,0.000930679787827294,"CFU",37
261,0.0204288086631704,-152.82426864872,NA,Inf,0.0532823958669624,-153.472435937387,0.0593935234714935,-149.837238050064,0.3835319427762,0,0.530333765433236,0.086134291790564,"CFU",0
262,0.990214304953312,-9.74322516488615,0.993328912660998,-12.1353720350255,0.983995232987358,-1.3798204032935,0.989466338027818,-4.36988822412998,0.227765229259938,0.753243717381869,0.00347854123802492,0.015512512120168,"CFU",7
263,0.991482664542469,11.3490157350127,0.994224657201146,26.907634894108,0.916485122745007,29.6123856110385,0.986271960010701,33.8343776297853,0.999460704121023,0.000418075290477845,0.000108124806818429,1.30957816804708e-05,"CFU",20
264,0.934683921263941,27.1345760108801,0.927335507823785,46.6541595958651,0.883098421368813,31.7913291132813,0.94415888923404,44.547419601498,0.911014743533892,5.25898201382182e-05,0.0887818759788239,0.000150790667145526,"CFU",30
265,0.987613887120446,22.7003150311876,0.500096550756139,90.5851884673566,0.761198867463193,43.4137014883782,0.936304610993336,76.1630688366551,0.999968221637682,1.81540375579154e-15,3.17783598572394e-05,2.45865003812434e-12,"CFU",37
266,0.259128172724783,-137.145018415521,NA,Inf,0.327060084716184,-138.876107052835,0.347511055324951,-135.508543442504,0.261951003485067,0,0.622473959497311,0.115575037017622,"CFU",0
267,0.917770123247709,33.2858101379939,0.993206374238781,3.43189087428496,0.908893450916176,34.7209640046083,0.977348365715231,20.291351935748,3.29009774175644e-07,0.999781277895888,1.60534765366241e-07,0.000218232559572386,"CFU",7
268,0.981751491179308,29.5031128450835,0.997918152757021,56.3073184476548,0.963352322057569,34.3839797482251,0.968527241651233,75.3183857688121,0.919857767565294,1.39078944965879e-06,0.080140841541728,1.03528654835453e-10,"CFU",20
269,0.986205156463496,16.4759287001428,0.565836547045426,62.7356051055853,0.867180347045306,34.5935074973321,0.984401153598504,36.1258121455144,0.999829579550034,9.01083178410651e-11,0.000116343930719613,5.4076429138193e-05,"CFU",30
270,0.998046199061192,2.74579410275174,NA,Inf,0.907233036002449,33.6283053848821,0.990838038062394,33.7747301001355,0.999999620361048,0,1.96764939587036e-07,1.82874012345125e-07,"CFU",37
271,0.886935153946551,20.7624220321694,0.952769503350947,18.4936165158636,0.879366369783299,21.475184521503,0.915743838929376,24.8606573674482,0.202495959732093,0.629623922394167,0.141788808967723,0.0260913089060171,"N",8
272,0.994004635796917,33.1839061583333,0.990499514263778,44.9132447564332,0.982498627108676,50.3245908145112,0.994509264536046,36.1407532910141,0.812331559449192,0.00230536561528459,0.000154056825662319,0.185209018109861,"N",12
273,0.926830294181424,76.6752500302878,0.990466042174818,43.9157391034414,0.982772916949451,50.6418727289531,0.993332276011958,37.4792745760413,2.95855453395105e-09,0.0384341244066984,0.00133093128121645,0.96023494135353,"N",16
274,0.933023368965066,69.424365488008,0.992454636364726,38.8534341486441,0.988857960988618,40.7264692457246,0.993930650764263,35.3705237935648,3.23961347334019e-08,0.14089208307156,0.0552283650280986,0.803879519504206,"N",20
275,0.960978310679379,55.9296484729534,0.995597813994547,33.1348639614109,0.992252101673336,34.912600407469,0.996635195511377,29.6413560602525,1.57053085481355e-06,0.139917178174085,0.0575228603475376,0.802558390947523,"N",30
276,0.997937635589506,6.32643687365658,0.997029425579832,21.6105570775644,0.997803326567206,6.89425626355247,0.998238997393271,16.9047087912742,0.568711565329397,0.00027288994105122,0.428145758817945,0.00286978591160638,"N",4
277,0.994877521468995,32.6738361368975,0.998229601821769,15.0442051706046,0.998666781593302,5.75298541198618,0.99890657003612,5.40650578423484,6.48685866541136e-07,0.00436777400274712,0.454802553817906,0.54082902349348,"N",8
278,0.990179016932056,36.6112450257327,0.991135277072329,40.2326189974353,0.991552911405718,34.5014535774466,0.992101537695297,38.6168567535212,0.227166056933663,0.0371511338862753,0.652347243708611,0.0833355654714514,"N",12
279,0.887334279667449,81.7658894063556,0.860399369230844,89.5312300506427,0.9951183773986,28.4037811842237,0.995545757304988,30.9674429641758,2.02392660428826e-12,4.16842952393406e-14,0.782761273228914,0.217238726769021,"N",16
280,0.998208545620007,13.2894807529561,0.805663241922417,88.2546183370365,0.99399542465728,31.4318898980881,0.994173622851442,35.6466614064513,0.999871118483919,5.26588329600358e-17,0.000114913204000534,1.39683120806969e-05,"N",20
281,0.998096174798213,17.3372620847416,0.997311539845334,27.2242662221322,0.99402976806812,33.3381511825078,0.996977078296074,28.8658392858449,0.98950870769744,0.00705478772602022,0.000331795659236666,0.00310470891730303,"N",30
282,0.963566857534625,31.2952464216884,0.989705378415448,31.9205308560058,0.953675419361075,33.4569910885269,0.981235879853125,37.3234555041152,0.471720191487817,0.345068786390037,0.160054384681329,0.0231566374408169,"N",4
283,0.998433324299597,6.83355672965259,0.997188850367305,21.6999116602575,0.99401831098001,32.2887494760198,0.994580293194265,34.1724274122239,0.999404923296654,0.000590953798267577,2.966310518587e-06,1.15659455948767e-06,"N",8
284,0.995058786495595,28.216747780652,0.993521321781285,37.3099486485426,0.990787867427661,36.3145832851446,0.991056614656788,41.5011184921779,0.971488178507629,0.0103008731811316,0.0169439586456687,0.0012669896655703,"N",12
285,0.825817115831186,78.3624769724542,0.80930704950279,84.6858548850449,0.994534355295113,29.8997448753309,0.996409753513291,29.0716432799894,1.1919838121595e-11,5.04854568094467e-13,0.397941214755904,0.602058785231671,"N",16
286,0.89461834225293,66.34210789233,0.843543321623502,77.0510137487127,0.988603795244998,37.4261011356887,0.988615732834293,42.9839049959536,4.95222721186028e-07,2.34094495546187e-09,0.941524550332084,0.0584749521042495,"N",20
287,0.862328863651674,65.4140757626897,0.855864386356484,73.2521644088774,0.997484911628962,21.3859176253975,0.998169839149328,25.2223060678241,2.39823650096839e-10,4.76291339551466e-12,0.871936930327482,0.128063069427932,"N",30
288,0.916655693889051,19.1044071389413,0.829768634210485,66.1036544909072,0.920094579376654,18.8094509334024,0.926372162814942,60.236707319888,0.463197154391175,2.88409122644931e-11,0.536802845037983,5.42001370125509e-10,"DryWeight",15
289,0.958091423767144,15.9036366983044,0.977400842820566,53.5805915613515,0.959086727176725,15.7353849780618,0.968451782777568,55.9158228396802,0.478980927804507,3.15407070661589e-09,0.521019068060166,9.81256159411972e-10,"DryWeight",20
290,0.978611719055742,35.6134714847943,0.988883690294262,Inf,0.977747406523674,35.8511639445005,0.997765721685699,Inf,0.52967663522934,0,0.47032336477066,0,"DryWeight",25
291,0.862651890397483,39.9183678918955,0.86849757788485,Inf,0.987646434856322,25.4669241794753,0.989560996732673,Inf,0.0007270980510715,0,0.999272901948929,0,"DryWeight",30
292,0.858165464393296,15.8296016423461,0.935780054837574,52.2831705338536,0.854319219426645,16.0168982453312,0.859285508779595,57.7741043584963,0.523394976492845,6.35386001388391e-09,0.476605016745261,4.08034149675152e-10,"DryWeight",15
293,0.819589082995439,21.1356982077574,0.857840578140528,61.4676821774083,0.823642180291856,20.9766433421019,0.844305075501247,62.1043277208412,0.480128613228881,8.38259622337659e-10,0.519871385323136,6.09723205458287e-10,"DryWeight",20
294,0.978141700767036,8.83306157696215,0.984717241367044,48.3280739815599,0.978347296788174,8.76690898207498,0.981743560454912,49.5726219248514,0.491731678463276,1.30465358628394e-09,0.508268319531833,7.00237008808736e-10,"DryWeight",25
295,0.963097489326268,11.2608158374927,0.973538747834071,50.9326290805974,0.953877984824435,12.8218914371814,0.962905095157137,53.2972160876705,0.685796009049261,1.66559789824099e-09,0.314203988774511,5.1063034466124e-10,"DryWeight",30
296,0.842901776391788,53.9689638574398,0.77914172830825,75.3608301515415,0.981469187545739,36.8694730324771,0.98368897238006,54.5153919829877,0.000193528404130348,4.38086601428054e-09,0.999659205669008,0.000147261545995703,"CFU",15
297,0.965375557533803,42.7623436566555,0.982287493212324,56.0666993306186,0.944245805105153,46.5734859761878,0.956961648034033,63.1692644197085,0.869515379562202,0.00112272434713269,0.129329687573722,3.22085169431675e-05,"CFU",12
298,NA,NA,NA,NA,NA,NA,NA,NA,NA,NA,NA,NA,"CFU",8
299,0.988598449727708,59.5204984141439,0.996243548197769,Inf,0.970834911449713,65.1558367827359,0.995911579539796,Inf,0.943623198762345,0,0.0563768012376555,0,"CFU",6
300,NA,NA,NA,NA,NA,NA,NA,NA,NA,NA,NA,NA,"CFU",4
301,0.994856483315208,32.9172176343774,0.993260732614032,76.8087170142819,0.998533299569583,24.1341653653847,0.998545778754853,66.0743521707248,0.0122303840686416,3.60182081669983e-12,0.987769615156037,7.71720101757159e-10,"CFU",2
302,0.955377780954208,246.472713061087,0.956576863453173,244.49936594514,0.9483555658097,268.54144003974,0.952534123996917,257.941182656309,0.271330173703231,0.727788140765545,4.37859642488546e-06,0.000877306934798654,"N",10
303,0.980382578277008,92.3988085003177,0.981073302046018,91.4942703999806,0.969978813140034,129.841517207351,0.970007036387531,132.008528135085,0.388821413178126,0.611178582969242,2.87852022277157e-09,9.74111882048829e-10,"N",15
304,0.871127348625638,332.710137405009,0.826530101352474,367.005395295355,0.983683952505908,109.509174141839,0.985459167327446,99.2687133518349,2.02419248325541e-51,7.22988150080138e-59,0.00593916181716678,0.994060838182833,"N",20
305,0.988972193192512,62.6527550391544,0.989467904743069,60.8061068503131,0.969739342274701,152.491888804986,0.976318523372294,132.919770129645,0.284281071578386,0.715718928421614,8.81917411937635e-21,1.56840958238837e-16,"N",25
