"","TreeID","Girth_cm","Score"
"1",2480,8,3.23076923076923
"2",2221,13,3.54545454545455
"3",2479,13,3.58333333333333
"4",2335,14,3.35294117647059
"5",168,15,3.47368421052632
"6",1383,15,3.08
"7",2004,15,3.35714285714286
"8",2481,16,3.53846153846154
"9",1582,17,2.5
"10",2633,17,4
"11",1791,18,3.64705882352941
"12",2321,18,3.5
"13",2358,18,3.84615384615385
"14",2338,19,3.30769230769231
"15",544,20,3.36842105263158
"16",557,20,3.05555555555556
"17",563,20,3.16666666666667
"18",655,20,3.4
"19",899,20,3.33333333333333
"20",1581,20,1.07142857142857
"21",1589,20,2.8
"22",2003,20,3.15384615384615
"23",2312,20,3.6
"24",2322,20,3.33333333333333
"25",2336,20,3.5
"26",2337,20,3.75
"27",2482,20,3.84615384615385
"28",2664,20,3.33333333333333
"29",2665,20,3.85714285714286
"30",167,21,3.35
"31",2313,21,3.5
"32",2483,21,3.53333333333333
"33",545,22,3.27777777777778
"34",620,22,3.52631578947368
"35",1978,23,3.2
"36",1998,23,3.23809523809524
"37",631,24,3.73333333333333
"38",949,24,2.2
"39",2112,24,3.69230769230769
"40",375,25,3.04347826086957
"41",533,25,3.0952380952381
"42",535,25,3.22727272727273
"43",1446,25,3.33333333333333
"44",1451,25,3.58333333333333
"45",1959,25,3.25
"46",182,26,1.36585365853659
"47",1052,26,3.375
"48",1263,26,3.31578947368421
"49",1377,26,3.19047619047619
"50",2114,26,3.61904761904762
"51",2360,26,3.26666666666667
"52",2440,26,3.88888888888889
"53",156,27,2.11111111111111
"54",158,27,3.16666666666667
"55",542,27,3.17647058823529
"56",566,27,3.23076923076923
"57",569,27,3.78571428571429
"58",2280,27,3.25
"59",175,28,1.53846153846154
"60",414,28,2.82352941176471
"61",619,28,3.47619047619048
"62",1045,28,4
"63",1226,28,4.2
"64",1377,28,4.11111111111111
"65",1641,28,4.375
"66",1747,28,3.84210526315789
"67",2216,28,3.23076923076923
"68",2339,28,3.72727272727273
"69",2340,28,4
"70",2662,28,3
"71",484,29,3.2
"72",538,29,3.1
"73",899,29,4.125
"74",1351,29,3.78048780487805
"75",1712,29,4.2
"76",2133,29,3.92307692307692
"77",2568,29,3.5
"78",374,30,3.39130434782609
"79",1878,30,3.44444444444444
"80",1906,30,3.42857142857143
"81",2190,30,3.45833333333333
"82",2333,30,3.64285714285714
"83",2657,30,3.33333333333333
"84",157,31,3.27777777777778
"85",182,31,3.33333333333333
"86",358,31,3.05970149253731
"87",537,31,3.41176470588235
"88",596,31,3.30434782608696
"89",723,31,3.55
"90",2029,31,3.33333333333333
"91",2203,31,3.45454545454545
"92",2212,31,3.52941176470588
"93",371,32,3.5
"94",489,32,3.27272727272727
"95",1217,32,3
"96",2079,32,3.6
"97",2347,32,3.2
"98",152,33,3.5
"99",373,33,2.85714285714286
"100",990,33,3.16666666666667
"101",1430,33,3.89473684210526
"102",1896,33,3.58333333333333
"103",596,34,3.14285714285714
"104",1910,34,2.5
"105",2073,34,3
"106",2111,34,3.95833333333333
"107",2223,34,3.58333333333333
"108",2349,34,3.28571428571429
"109",2674,34,3.5
"110",169,35,3.38888888888889
"111",248,35,3.2
"112",358,35,3.425
"113",1307,35,3.3265306122449
"114",1938,35,3.6
"115",2209,35,3.75
"116",2246,35,3.78571428571429
"117",2286,35,3.75
"118",2561,35,3.25
"119",2571,35,3.88888888888889
"120",2582,35,3.75
"121",2623,35,4
"122",210,36,3.72727272727273
"123",492,36,3.10526315789474
"124",1375,36,3.1
"125",1851,36,3.6
"126",1927,36,3.6
"127",2284,36,3.71428571428571
"128",2310,36,3.66666666666667
"129",2634,36,3.5
"130",152,37,3.4
"131",477,37,3.51219512195122
"132",621,37,3.26086956521739
"133",698,37,3.33333333333333
"134",947,37,3.21739130434783
"135",1225,37,3.82051282051282
"136",1306,37,3.1
"137",1563,37,3.28571428571429
"138",1709,37,3.6
"139",2129,37,3.18181818181818
"140",2132,37,3.5625
"141",2134,37,3.23076923076923
"142",2184,37,4
"143",2257,37,3.63636363636364
"144",2355,37,3.4
"145",2559,37,3.33333333333333
"146",178,38,3.09090909090909
"147",313,38,2.53846153846154
"148",671,38,3.52631578947368
"149",798,38,3.44
"150",870,38,3.76271186440678
"151",955,38,4
"152",1116,38,2.5
"153",1306,38,3.53658536585366
"154",1449,38,4.25
"155",1745,38,3.47368421052632
"156",2015,38,3.25
"157",2021,38,3.47058823529412
"158",2028,38,3.5
"159",2038,38,3.23076923076923
"160",2279,38,3.63636363636364
"161",2381,38,3.42857142857143
"162",2436,38,3.5
"163",144,39,3.36842105263158
"164",469,39,2.1304347826087
"165",693,39,3.74358974358974
"166",796,39,3.65217391304348
"167",1307,39,3.81578947368421
"168",1353,39,3.63157894736842
"169",1358,39,3.63157894736842
"170",1865,39,3.81818181818182
"171",1913,39,3
"172",2382,39,3.88888888888889
"173",2386,39,3.44444444444444
"174",696,40,3.57142857142857
"175",726,40,2.06382978723404
"176",787,40,3.41666666666667
"177",1375,40,4.125
"178",1379,40,3.8125
"179",1449,40,3.63157894736842
"180",1497,40,3.45833333333333
"181",1564,40,3.52631578947368
"182",2128,40,4
"183",162,41,3.25
"184",171,41,3.47619047619048
"185",746,41,3.65
"186",788,41,3.52173913043478
"187",802,41,3.5
"188",1018,41,3.46808510638298
"189",1298,41,3.6
"190",1749,41,3.8780487804878
"191",2121,41,3.64285714285714
"192",2135,41,3.5625
"193",2208,41,3.41176470588235
"194",338,42,3.35
"195",1018,42,3.17073170731707
"196",1270,42,3.68292682926829
"197",1524,42,3.43243243243243
"198",1564,42,4.15789473684211
"199",1669,42,3.33333333333333
"200",1995,42,3.3125
"201",2119,42,3.92857142857143
"202",2332,42,3.33333333333333
"203",2359,42,3.4375
"204",2484,42,3.57142857142857
"205",2574,42,3.71428571428571
"206",506,43,3.73684210526316
"207",1043,43,3.42857142857143
"208",1713,43,3.57142857142857
"209",2066,43,3.63636363636364
"210",2354,43,3.61538461538462
"211",2493,43,3.6
"212",2599,43,4
"213",2643,43,4.33333333333333
"214",155,44,3.16666666666667
"215",170,44,3.21052631578947
"216",181,44,3.27777777777778
"217",452,44,3.21428571428571
"218",1121,44,4.28571428571429
"219",1273,44,3.3265306122449
"220",1524,44,3.48888888888889
"221",1837,44,3.5
"222",1866,44,3.85714285714286
"223",1899,44,2
"224",2556,44,3.7
"225",2570,44,3.625
"226",145,45,3.40909090909091
"227",179,45,3.4375
"228",407,45,2.94736842105263
"229",555,45,3.31818181818182
"230",866,45,2.5
"231",884,45,3.2
"232",1222,45,4.1
"233",1493,45,4
"234",1529,45,3.70833333333333
"235",1708,45,3.19230769230769
"236",1748,45,2.975
"237",1749,45,3.46551724137931
"238",1958,45,3.33333333333333
"239",1985,45,3.5
"240",2542,45,3.71428571428571
"241",2544,45,3.75
"242",363,46,3.07352941176471
"243",721,46,3.5
"244",940,46,3
"245",1044,46,3.38461538461538
"246",1218,46,3.5
"247",1312,46,3.04545454545455
"248",1376,46,3.43478260869565
"249",1495,46,3.91666666666667
"250",1618,46,3.30434782608696
"251",1868,46,3.5
"252",1881,46,3.78571428571429
"253",1888,46,3.53846153846154
"254",1977,46,3.46153846153846
"255",2154,46,3.28571428571429
"256",2308,46,3.4
"257",2362,46,3.71428571428571
"258",2550,46,3.88888888888889
"259",164,47,3.41666666666667
"260",548,47,3.19047619047619
"261",851,47,3.41176470588235
"262",870,47,4.14634146341463
"263",1267,47,3.1304347826087
"264",1290,47,3.34782608695652
"265",1429,47,4.58333333333333
"266",1493,47,3.74
"267",1519,47,4.1875
"268",1550,47,3.30952380952381
"269",1712,47,2.875
"270",1748,47,2.75
"271",1807,47,0
"272",1876,47,3.33333333333333
"273",2076,47,3.78571428571429
"274",2115,47,3.2
"275",2314,47,4
"276",425,48,3.1875
"277",546,48,3.47368421052632
"278",549,48,3.31147540983607
"279",556,48,2.80952380952381
"280",1246,48,3.65217391304348
"281",1356,48,3.31481481481481
"282",1422,48,3.41176470588235
"283",1648,48,3.39130434782609
"284",1697,48,3.5609756097561
"285",1873,48,2.85714285714286
"286",2277,48,3.84615384615385
"287",2317,48,3.83333333333333
"288",2564,48,3.8
"289",2632,48,3.66666666666667
"290",2656,48,3.88888888888889
"291",163,49,3.5
"292",176,49,3.52941176470588
"293",300,49,3.13114754098361
"294",337,49,3.66666666666667
"295",364,49,3.43333333333333
"296",1151,49,4.375
"297",1314,49,3.625
"298",1539,49,2.88888888888889
"299",1733,49,3.45833333333333
"300",1981,49,3.5
"301",2148,49,3.53846153846154
"302",2395,49,3.44444444444444
"303",2567,49,3.88888888888889
"304",2581,49,3.75
"305",2583,49,3.71428571428571
"306",2666,49,3.33333333333333
"307",11,50,3.71428571428571
"308",170,50,3
"309",179,50,4.25
"310",340,50,3.6
"311",363,50,3.26829268292683
"312",391,50,3.2
"313",546,50,4.03225806451613
"314",595,50,3.2
"315",743,50,3.55
"316",851,50,4.83333333333333
"317",874,50,3.37037037037037
"318",946,50,4.125
"319",1051,50,3.5
"320",1250,50,4
"321",1356,50,3.70731707317073
"322",1697,50,3.46938775510204
"323",1836,50,3.53333333333333
"324",1911,50,3.5
"325",2272,50,3.8125
"326",2344,50,3.71428571428571
"327",2374,50,3.22222222222222
"328",2661,50,3.33333333333333
"329",153,51,3.52380952380952
"330",250,51,3.80952380952381
"331",388,51,2.45454545454545
"332",562,51,3.24
"333",677,51,3.52173913043478
"334",992,51,2.33333333333333
"335",1311,51,3.21052631578947
"336",2213,51,3.31818181818182
"337",2513,51,3.77777777777778
"338",149,52,3.35
"339",324,52,3.29508196721311
"340",465,52,3.36619718309859
"341",488,52,3.65
"342",552,52,3.88235294117647
"343",743,52,3.55555555555556
"344",807,52,3.875
"345",941,52,3.10526315789474
"346",1113,52,3.14285714285714
"347",1151,52,4.23076923076923
"348",1175,52,3.61111111111111
"349",1342,52,3.5625
"350",1378,52,3
"351",1710,52,4
"352",1829,52,0
"353",2036,52,3.375
"354",2106,52,3.3
"355",2131,52,3.71428571428571
"356",2163,52,3.6875
"357",2200,52,3.4375
"358",2357,52,3.6
"359",2428,52,3.88888888888889
"360",2527,52,4.07692307692308
"361",2546,52,3.57142857142857
"362",2548,52,4.28571428571429
"363",2578,52,3.25
"364",84,53,4.1875
"365",254,53,4.22222222222222
"366",302,53,3.09259259259259
"367",408,53,3.2
"368",712,53,3
"369",739,53,3.23076923076923
"370",768,53,3.75
"371",879,53,3.64705882352941
"372",1091,53,1.80555555555556
"373",1311,53,3.80555555555556
"374",1335,53,3.77777777777778
"375",1586,53,2.80555555555556
"376",1618,53,4.2
"377",2042,53,3.38888888888889
"378",2215,53,3.76923076923077
"379",2584,53,3.75
"380",417,54,3.54545454545455
"381",759,54,3.42857142857143
"382",1188,54,3.7
"383",1264,54,3.61904761904762
"384",1269,54,3.48387096774194
"385",1431,54,3.875
"386",1588,54,3.81818181818182
"387",1703,54,4.75
"388",2070,54,3.5
"389",2123,54,3.47058823529412
"390",2151,54,2.66666666666667
"391",2210,54,3.45454545454545
"392",2609,54,4
"393",111,55,4
"394",193,55,3.06896551724138
"395",228,55,3.61111111111111
"396",343,55,3.33333333333333
"397",364,55,4.225
"398",722,55,3.63157894736842
"399",757,55,3.6875
"400",1014,55,4.07692307692308
"401",1261,55,3.36363636363636
"402",1329,55,3.625
"403",1334,55,3.70588235294118
"404",1378,55,4.22222222222222
"405",1633,55,3.33333333333333
"406",1661,55,3.76923076923077
"407",1774,55,3.54545454545455
"408",2077,55,3.75
"409",2140,55,3.15384615384615
"410",2334,55,3.5
"411",2465,55,3.42857142857143
"412",2545,55,3.75
"413",2552,55,4
"414",2553,55,4.16666666666667
"415",2627,55,4.125
"416",2663,55,3.85714285714286
"417",151,56,3.42857142857143
"418",324,56,3.64285714285714
"419",731,56,3.75
"420",794,56,3.55
"421",799,56,3.46428571428571
"422",865,56,3.35294117647059
"423",941,56,3.7
"424",1015,56,3.7
"425",1089,56,3.69230769230769
"426",1103,56,3.46153846153846
"427",1216,56,3.45454545454545
"428",1335,56,3.5
"429",1496,56,3.53846153846154
"430",1584,56,2.94871794871795
"431",1952,56,3.6875
"432",1961,56,3.53846153846154
"433",1975,56,3.08333333333333
"434",2124,56,3.13333333333333
"435",2206,56,3.53333333333333
"436",2435,56,3.42105263157895
"437",2565,56,3.75
"438",2595,56,4.125
"439",253,57,3.36363636363636
"440",260,57,3.33333333333333
"441",560,57,3.26923076923077
"442",654,57,3.4
"443",747,57,3.55555555555556
"444",753,57,3.63157894736842
"445",871,57,3.6
"446",873,57,2.95
"447",1249,57,3.05263157894737
"448",1433,57,3.58333333333333
"449",1942,57,3.22222222222222
"450",1962,57,3.8125
"451",2040,57,3.39473684210526
"452",2262,57,3.85714285714286
"453",2270,57,3.36363636363636
"454",2535,57,3.75
"455",154,58,3.73913043478261
"456",362,58,3.44
"457",549,58,3.42857142857143
"458",692,58,3.30434782608696
"459",728,58,2.84615384615385
"460",729,58,3.26923076923077
"461",936,58,3.125
"462",1109,58,3.26315789473684
"463",1253,58,3.33333333333333
"464",1259,58,3.43478260869565
"465",1305,58,3.38095238095238
"466",1479,58,3.42857142857143
"467",1574,58,3.5
"468",1706,58,3.88888888888889
"469",1992,58,3.35714285714286
"470",2144,58,3.70588235294118
"471",2201,58,3.33333333333333
"472",2288,58,3.8125
"473",2631,58,3.88888888888889
"474",148,59,3.52
"475",370,59,3.33802816901408
"476",747,59,3.55555555555556
"477",784,59,3.65
"478",828,59,3.44444444444444
"479",1224,59,3.56
"480",1244,59,3.61538461538462
"481",1246,59,4.5
"482",1566,59,3
"483",1667,59,3.61538461538462
"484",1683,59,3.16666666666667
"485",2541,59,3.75
"486",2617,59,3.88888888888889
"487",2626,59,3.88888888888889
"488",422,60,3.47619047619048
"489",887,60,3.36363636363636
"490",893,60,3.29166666666667
"491",1016,60,4.0377358490566
"492",1035,60,3.75
"493",1090,60,3.38095238095238
"494",1150,60,3.71428571428571
"495",1194,60,3.16666666666667
"496",1269,60,3.80952380952381
"497",1310,60,3.23809523809524
"498",1344,60,3.57142857142857
"499",1389,60,3.91666666666667
"500",1391,60,3.75
"501",1432,60,4
"502",1671,60,5.5
"503",1755,60,3.77777777777778
"504",1808,60,3.25
"505",2228,60,3.8125
"506",2231,60,3.52941176470588
"507",2319,60,3.33333333333333
"508",2503,60,3.73333333333333
"509",2528,60,4
"510",2601,60,3.71428571428571
"511",91,61,2.72727272727273
"512",194,61,3.27586206896552
"513",381,61,3.25
"514",517,61,3.36363636363636
"515",567,61,3.2
"516",807,61,3.46666666666667
"517",1041,61,3.22222222222222
"518",1137,61,3.59649122807018
"519",1243,61,3.59090909090909
"520",1268,61,3.76
"521",1536,61,3.54166666666667
"522",1542,61,2.89473684210526
"523",1628,61,3.44444444444444
"524",1860,61,3.35714285714286
"525",1869,61,3.23076923076923
"526",1932,61,3.83333333333333
"527",2187,61,3.71428571428571
"528",2244,61,2
"529",2345,61,3.46666666666667
"530",2555,61,3.75
"531",205,62,3.45
"532",365,62,3.73913043478261
"533",591,62,3.1304347826087
"534",646,62,3.61111111111111
"535",1002,62,5
"536",1264,62,4.22222222222222
"537",1352,62,4.1219512195122
"538",1435,62,3.9047619047619
"539",1447,62,3.63636363636364
"540",1542,62,2.95121951219512
"541",1547,62,3.96
"542",1608,62,3.62162162162162
"543",1664,62,4.88888888888889
"544",1698,62,3.38095238095238
"545",1809,62,3.57142857142857
"546",1818,62,3.61538461538462
"547",1979,62,3.57142857142857
"548",2031,62,3.23529411764706
"549",2116,62,3.53333333333333
"550",2248,62,4
"551",2305,62,3.13333333333333
"552",2573,62,3.66666666666667
"553",2660,62,3.8
"554",118,63,2.72727272727273
"555",154,63,4.625
"556",213,63,3.35
"557",393,63,3.40909090909091
"558",561,63,3.16666666666667
"559",729,63,4.13888888888889
"560",1002,63,3.22222222222222
"561",1158,63,3.39285714285714
"562",1234,63,1.825
"563",1254,63,3.65384615384615
"564",1705,63,3.65
"565",2199,63,3.92857142857143
"566",2511,63,4
"567",78,64,3.54545454545455
"568",199,64,3.05263157894737
"569",206,64,3.625
"570",416,64,3.25
"571",642,64,3.47619047619048
"572",693,64,3.22222222222222
"573",749,64,3.36
"574",750,64,3.66666666666667
"575",824,64,3.38888888888889
"576",997,64,3.36842105263158
"577",1168,64,3.41176470588235
"578",1314,64,4.30232558139535
"579",1495,64,4.71428571428571
"580",1905,64,3.26666666666667
"581",2100,64,3.66666666666667
"582",2167,64,3.93333333333333
"583",2400,64,4.33333333333333
"584",2503,64,4.625
"585",2557,64,4
"586",2563,64,3.33333333333333
"587",2779,64,4.3
"588",67,65,3.47826086956522
"589",402,65,2.61538461538462
"590",543,65,3.6
"591",615,65,3.73684210526316
"592",996,65,3.29310344827586
"593",1012,65,3.625
"594",1025,65,3.57142857142857
"595",1033,65,3.7
"596",1049,65,3.5
"597",1177,65,3.43859649122807
"598",1244,65,3.69230769230769
"599",1354,65,3.6
"600",1434,65,3.8
"601",1528,65,3.79310344827586
"602",1535,65,4.08333333333333
"603",1541,65,3.52
"604",1579,65,3.95652173913043
"605",1598,65,0.333333333333333
"606",1898,65,3.7
"607",1902,65,3.52941176470588
"608",1960,65,3.66666666666667
"609",2264,65,3.38461538461538
"610",2311,65,3.33333333333333
"611",2384,65,4.57142857142857
"612",2635,65,3.75
"613",20,66,2.32432432432432
"614",48,66,3.26315789473684
"615",331,66,3.29166666666667
"616",579,66,3.40298507462687
"617",626,66,3.59375
"618",700,66,3.42857142857143
"619",883,66,3.82608695652174
"620",996,66,3.9047619047619
"621",1014,66,4.53488372093023
"622",1032,66,4.22222222222222
"623",1076,66,3.35294117647059
"624",1139,66,4.57575757575758
"625",1145,66,3.85714285714286
"626",1181,66,3.36842105263158
"627",1549,66,4.15384615384615
"628",1667,66,4.09756097560976
"629",1891,66,3.47368421052632
"630",2075,66,3.53333333333333
"631",2176,66,3.62962962962963
"632",2205,66,3.22222222222222
"633",2239,66,3.375
"634",2543,66,4.33333333333333
"635",73,67,3.45454545454545
"636",124,67,3.55555555555556
"637",151,67,3.1
"638",165,67,3.4
"639",266,67,3.22222222222222
"640",594,67,3.73684210526316
"641",1139,67,3
"642",1194,67,3.9
"643",1215,67,3.78688524590164
"644",1219,67,3.28571428571429
"645",1252,67,3.66666666666667
"646",1450,67,3.08771929824561
"647",1675,67,3.80952380952381
"648",1676,67,3.57692307692308
"649",1677,67,3.0952380952381
"650",1720,67,3.71428571428571
"651",1989,67,3.06521739130435
"652",2118,67,3.92307692307692
"653",2120,67,3.55
"654",2218,67,3.5
"655",2247,67,2.5
"656",2258,67,4.07142857142857
"657",2281,67,3.58823529411765
"658",2315,67,3.4
"659",2509,67,3.625
"660",2547,67,4
"661",2586,67,3.33333333333333
"662",2610,67,3.75
"663",20,68,2.20512820512821
"664",115,68,3.52941176470588
"665",233,68,3.26315789473684
"666",336,68,3.18181818181818
"667",370,68,3.8780487804878
"668",395,68,3.2
"669",495,68,3.16666666666667
"670",505,68,3.4
"671",547,68,4.25
"672",615,68,4.48571428571429
"673",732,68,3.28571428571429
"674",891,68,3.21818181818182
"675",932,68,3.04347826086957
"676",1039,68,3.8
"677",1112,68,3.42857142857143
"678",1157,68,3.92857142857143
"679",1287,68,3.21052631578947
"680",1372,68,3.07142857142857
"681",1411,68,3.40909090909091
"682",1742,68,3.90909090909091
"683",1750,68,4
"684",1853,68,3.4375
"685",1976,68,3
"686",2059,68,3.35294117647059
"687",2060,68,3.6
"688",2130,68,3.73333333333333
"689",2236,68,3.41176470588235
"690",2263,68,3.76923076923077
"691",2393,68,3.66666666666667
"692",2560,68,3.75
"693",76,69,3.83333333333333
"694",77,69,3.52
"695",117,69,3.9
"696",244,69,2.83333333333333
"697",428,69,3.66666666666667
"698",532,69,3.22222222222222
"699",623,69,3.43478260869565
"700",758,69,3.27272727272727
"701",823,69,3.86666666666667
"702",887,69,4.88888888888889
"703",971,69,3.53333333333333
"704",1257,69,3.17391304347826
"705",1313,69,3.63829787234043
"706",1794,69,2.57142857142857
"707",1870,69,3.92307692307692
"708",2238,69,3.93333333333333
"709",2504,69,4
"710",2580,69,4.22222222222222
"711",239,70,2.625
"712",582,70,3.89189189189189
"713",659,70,3.30769230769231
"714",749,70,3.33333333333333
"715",881,70,3.05555555555556
"716",1036,70,3.42857142857143
"717",1042,70,3.65217391304348
"718",1181,70,3.28571428571429
"719",1213,70,3.81818181818182
"720",1252,70,0.7
"721",1262,70,3.6
"722",1347,70,3.45
"723",1372,70,3.19047619047619
"724",1525,70,3.8
"725",1638,70,3.625
"726",1744,70,3.92307692307692
"727",1814,70,4.25
"728",1972,70,2.85714285714286
"729",2122,70,3.6875
"730",2202,70,3.1875
"731",2307,70,3.57142857142857
"732",2435,70,3.625
"733",2511,70,4.77777777777778
"734",2680,70,1
"735",77,71,4.5
"736",94,71,2.65957446808511
"737",106,71,3.0625
"738",243,71,2.76923076923077
"739",273,71,3.5
"740",579,71,4.29268292682927
"741",645,71,3.28
"742",1248,71,3.5
"743",1289,71,3.33333333333333
"744",1308,71,3.73076923076923
"745",1411,71,4
"746",1508,71,3.75
"747",1617,71,4.33333333333333
"748",1676,71,3.11111111111111
"749",1677,71,3.16666666666667
"750",1678,71,3.55555555555556
"751",1702,71,4
"752",1882,71,3.5
"753",1957,71,1
"754",2061,71,3.82352941176471
"755",2198,71,3.75
"756",2214,71,4.07142857142857
"757",2301,71,3.625
"758",2525,71,4.42857142857143
"759",172,72,3.65
"760",670,72,3.36363636363636
"761",686,72,3.77272727272727
"762",713,72,3.34042553191489
"763",838,72,3.06666666666667
"764",1117,72,4.14285714285714
"765",1190,72,3.30434782608696
"766",1281,72,2.89473684210526
"767",1303,72,3.5609756097561
"768",1393,72,3.42105263157895
"769",1407,72,3.27272727272727
"770",1580,72,3.34090909090909
"771",1650,72,3.75
"772",1662,72,3.43396226415094
"773",1694,72,3.78571428571429
"774",1702,72,3.44827586206897
"775",1719,72,3.17307692307692
"776",1825,72,3.54545454545455
"777",1953,72,3.53333333333333
"778",2183,72,3.65
"779",2195,72,3.33333333333333
"780",2219,72,3.47058823529412
"781",2285,72,3.70588235294118
"782",2476,72,4
"783",2524,72,4.21428571428571
"784",2612,72,3.66666666666667
"785",387,73,3.25
"786",491,73,3.43478260869565
"787",547,73,3
"788",727,73,2.859375
"789",869,73,5.22222222222222
"790",891,73,3.9047619047619
"791",897,73,3.60377358490566
"792",1177,73,3.71794871794872
"793",1271,73,4.54761904761905
"794",1303,73,3.28571428571429
"795",1428,73,3.70588235294118
"796",1719,73,3.73684210526316
"797",1783,73,3.37037037037037
"798",1803,73,3.69230769230769
"799",1805,73,3.64
"800",2101,73,3.75
"801",2117,73,3.66666666666667
"802",2309,73,3.63157894736842
"803",2529,73,3.88235294117647
"804",2536,73,4
"805",2598,73,4
"806",21,74,3.11320754716981
"807",207,74,3.36363636363636
"808",353,74,3.63414634146341
"809",541,74,3.38461538461538
"810",679,74,3.52380952380952
"811",711,74,3.57142857142857
"812",885,74,3.81818181818182
"813",934,74,3.47368421052632
"814",1048,74,3.41176470588235
"815",1059,74,3.36842105263158
"816",1138,74,3.31818181818182
"817",1247,74,3.66666666666667
"818",1340,74,2.42857142857143
"819",1507,74,3.96296296296296
"820",1535,74,4.75
"821",1630,74,3.11111111111111
"822",1685,74,3.86363636363636
"823",1694,74,3.11111111111111
"824",1696,74,3.57142857142857
"825",2186,74,3.78571428571429
"826",2331,74,3.54545454545455
"827",2434,74,3.78947368421053
"828",2450,74,3.52941176470588
"829",18,75,2.75
"830",50,75,3.21739130434783
"831",89,75,3.79487179487179
"832",255,75,3.25
"833",354,75,3.47368421052632
"834",608,75,3.20547945205479
"835",628,75,3.84210526315789
"836",713,75,3.81395348837209
"837",763,75,3.31818181818182
"838",861,75,0
"839",1105,75,4.14285714285714
"840",1392,75,3.78571428571429
"841",1418,75,3.51851851851852
"842",1458,75,1.64285714285714
"843",1482,75,3.59259259259259
"844",1526,75,3.76923076923077
"845",1543,75,3.77272727272727
"846",1746,75,3.52127659574468
"847",1926,75,3.54545454545455
"848",1940,75,3.86666666666667
"849",2237,75,3.4
"850",2290,75,3.5625
"851",2491,75,3.11111111111111
"852",2620,75,3.75
"853",47,76,3.44444444444444
"854",396,76,3.45454545454545
"855",399,76,3.40740740740741
"856",707,76,3.57894736842105
"857",727,76,2.69047619047619
"858",803,76,3.36363636363636
"859",1106,76,3.5625
"860",1518,76,3.45454545454545
"861",1901,76,3.60869565217391
"862",2009,76,3.70454545454545
"863",2672,76,3
"864",2772,76,4.125
"865",216,77,3.95652173913043
"866",361,77,3.60869565217391
"867",656,77,3.55
"868",686,77,3.44444444444444
"869",861,77,3.4
"870",1137,77,4.05128205128205
"871",1147,77,4.22222222222222
"872",1214,77,3.69230769230769
"873",1229,77,3.66666666666667
"874",1232,77,4.04545454545455
"875",1289,77,4.16666666666667
"876",1350,77,3.48
"877",1357,77,3.69230769230769
"878",1370,77,3.08333333333333
"879",1692,77,3.30769230769231
"880",1715,77,3.58181818181818
"881",1858,77,3.41666666666667
"882",1980,77,3.52941176470588
"883",2113,77,3.55555555555556
"884",2220,77,3.3125
"885",3,78,3.23287671232877
"886",74,78,3.5
"887",104,78,1.9622641509434
"888",110,78,3.68421052631579
"889",229,78,3.78947368421053
"890",278,78,3.60714285714286
"891",466,78,3.38095238095238
"892",678,78,3.45
"893",825,78,3.42105263157895
"894",976,78,3.28571428571429
"895",1023,78,3.38095238095238
"896",1081,78,3.875
"897",1148,78,4
"898",1337,78,3.45454545454545
"899",1510,78,4.22727272727273
"900",1513,78,4
"901",2283,78,3.5625
"902",2452,78,3.5
"903",2500,78,4
"904",2596,78,4
"905",2624,78,4.125
"906",2630,78,3.875
"907",166,79,3.75
"908",238,79,3.4
"909",333,79,3.42307692307692
"910",390,79,3.42857142857143
"911",398,79,3.5
"912",782,79,3.32
"913",869,79,3.55555555555556
"914",931,79,3.45833333333333
"915",1332,79,3.26086956521739
"916",1458,79,3.30769230769231
"917",1517,79,3.46428571428571
"918",1703,79,3.35
"919",1735,79,4.11111111111111
"920",1890,79,3.29411764705882
"921",2017,79,3.88235294117647
"922",2032,79,3.55555555555556
"923",2105,79,3.46666666666667
"924",2324,79,4
"925",2636,79,4
"926",33,80,3.45454545454545
"927",90,80,3.97222222222222
"928",120,80,3.8
"929",224,80,3.8695652173913
"930",335,80,3.66666666666667
"931",392,80,3.47619047619048
"932",420,80,3.48148148148148
"933",503,80,3.29411764705882
"934",608,80,3.69047619047619
"935",688,80,3.45
"936",702,80,3.72727272727273
"937",741,80,3.58823529411765
"938",781,80,3.58333333333333
"939",998,80,3.14285714285714
"940",1152,80,3.42857142857143
"941",1185,80,3.5
"942",1215,80,4.60975609756098
"943",1313,80,4.58536585365854
"944",1607,80,3.23529411764706
"945",1645,80,3.47619047619048
"946",1649,80,4.04878048780488
"947",1700,80,3.38461538461538
"948",1843,80,3.46153846153846
"949",2065,80,3.875
"950",2092,80,3.625
"951",2094,80,3.42857142857143
"952",2155,80,3.71428571428571
"953",2194,80,4
"954",2241,80,3.94117647058824
"955",2423,80,3.9375
"956",2622,80,3.88888888888889
"957",139,81,3.68292682926829
"958",203,81,3.70833333333333
"959",271,81,3.83333333333333
"960",361,81,4.55555555555556
"961",509,81,3.54545454545455
"962",630,81,3.59090909090909
"963",701,81,3.46153846153846
"964",822,81,3.6875
"965",995,81,3.42307692307692
"966",1134,81,3.26315789473684
"967",1811,81,3.4375
"968",2188,81,3.78571428571429
"969",2276,81,3.8125
"970",2537,81,3.52941176470588
"971",79,82,3.65
"972",89,82,3.025
"973",141,82,3.5
"974",142,82,3.5
"975",246,82,3.05555555555556
"976",386,82,3.20833333333333
"977",468,82,3.29230769230769
"978",670,82,3.33333333333333
"979",877,82,3.66666666666667
"980",897,82,3.83333333333333
"981",994,82,3.09090909090909
"982",1008,82,4.6
"983",1367,82,3.6
"984",1531,82,3.52380952380952
"985",1565,82,3.53333333333333
"986",1662,82,3.4047619047619
"987",1762,82,4
"988",1819,82,4.21428571428571
"989",1928,82,3.75
"990",2146,82,3.47058823529412
"991",2430,82,3.68421052631579
"992",2467,82,3.76470588235294
"993",2516,82,3.94444444444444
"994",212,83,3.70833333333333
"995",226,83,3.36842105263158
"996",274,83,3.26315789473684
"997",415,83,3.26086956521739
"998",476,83,4.5609756097561
"999",697,83,3.54545454545455
"1000",702,83,4.33333333333333
"1001",799,83,3.55555555555556
"1002",875,83,3.36
"1003",886,83,3.21052631578947
"1004",937,83,3.38333333333333
"1005",1247,83,4.3
"1006",1410,83,3.39130434782609
"1007",1415,83,3.23076923076923
"1008",1993,83,3.28571428571429
"1009",2098,83,3.9
"1010",2230,83,3.4375
"1011",2346,83,3.08333333333333
"1012",2533,83,4.4
"1013",10,84,3.67164179104478
"1014",130,84,4.36585365853659
"1015",295,84,3.31578947368421
"1016",437,84,3.28571428571429
"1017",485,84,3.11111111111111
"1018",650,84,3.57894736842105
"1019",688,84,3.22222222222222
"1020",691,84,3.46153846153846
"1021",890,84,4.07272727272727
"1022",918,84,3.44444444444444
"1023",1029,84,4
"1024",1053,84,3.82352941176471
"1025",1350,84,4.51428571428571
"1026",1436,84,3.39285714285714
"1027",1553,84,3.44444444444444
"1028",1560,84,3.36842105263158
"1029",1762,84,3.64285714285714
"1030",1834,84,4.07692307692308
"1031",1900,84,3.44444444444444
"1032",2127,84,3.88235294117647
"1033",2273,84,3.56521739130435
"1034",2320,84,3.71428571428571
"1035",2522,84,4.07692307692308
"1036",2640,84,2.14285714285714
"1037",47,85,3.76190476190476
"1038",54,85,3.25
"1039",114,85,3.68181818181818
"1040",130,85,3.90909090909091
"1041",401,85,3.3
"1042",460,85,3.67142857142857
"1043",541,85,4.84375
"1044",738,85,3.33333333333333
"1045",942,85,3.81132075471698
"1046",1213,85,5.11111111111111
"1047",1543,85,3.55555555555556
"1048",1841,85,3.375
"1049",2193,85,3.5
"1050",2227,85,3.64705882352941
"1051",2472,85,3.88888888888889
"1052",2549,85,3.875
"1053",2551,85,4.14285714285714
"1054",2569,85,4.125
"1055",2572,85,3.75
"1056",2597,85,3.88888888888889
"1057",2604,85,3.75
"1058",3,86,3.6
"1059",160,86,3.47826086956522
"1060",220,86,3.76190476190476
"1061",368,86,3.42857142857143
"1062",559,86,3.71212121212121
"1063",586,86,3.5
"1064",1040,86,3.88888888888889
"1065",1079,86,3.66666666666667
"1066",1136,86,3.54545454545455
"1067",1232,86,4.9
"1068",1242,86,3.81666666666667
"1069",1679,86,3.37735849056604
"1070",1707,86,3.39344262295082
"1071",1760,86,3.71428571428571
"1072",1930,86,3.5
"1073",2138,86,3.36363636363636
"1074",2207,86,3.9375
"1075",2250,86,3.46153846153846
"1076",2261,86,3.9375
"1077",2268,86,3.76470588235294
"1078",2271,86,3.47058823529412
"1079",119,87,4.04651162790698
"1080",125,87,3.69565217391304
"1081",308,87,3.60869565217391
"1082",385,87,3.38461538461538
"1083",438,87,3.33333333333333
"1084",534,87,3.30434782608696
"1085",614,87,3.78260869565217
"1086",779,87,3.33333333333333
"1087",1008,87,3.61904761904762
"1088",1510,87,5.2
"1089",1530,87,3.67857142857143
"1090",1704,87,3.33870967741935
"1091",1715,87,4.33333333333333
"1092",1763,87,3.23529411764706
"1093",1908,87,3.6
"1094",1948,87,3.88235294117647
"1095",1991,87,3.71428571428571
"1096",2139,87,3.1304347826087
"1097",2152,87,3.41176470588235
"1098",2282,87,3.80769230769231
"1099",2426,87,4.11764705882353
"1100",2429,87,3.5625
"1101",2827,87,4.44444444444444
"1102",32,88,3.60869565217391
"1103",199,88,2.125
"1104",246,88,4.375
"1105",268,88,3.57894736842105
"1106",357,88,3.64285714285714
"1107",435,88,3.39285714285714
"1108",444,88,3.50649350649351
"1109",476,88,3.76923076923077
"1110",683,88,4.11111111111111
"1111",737,88,3.66666666666667
"1112",779,88,3.23076923076923
"1113",1030,88,4
"1114",1516,88,3.92307692307692
"1115",1555,88,2.675
"1116",1560,88,3.8
"1117",1674,88,3.94642857142857
"1118",1893,88,3.33333333333333
"1119",1907,88,3.33333333333333
"1120",1996,88,3.63157894736842
"1121",2147,88,3.38461538461538
"1122",2408,88,4.125
"1123",2414,88,4.2
"1124",2575,88,3.33333333333333
"1125",2577,88,3.33333333333333
"1126",2585,88,4.22222222222222
"1127",2644,88,4.25
"1128",101,89,3.47058823529412
"1129",202,89,3.546875
"1130",276,89,2.75
"1131",498,89,3.27272727272727
"1132",639,89,3.54838709677419
"1133",1007,89,3.95238095238095
"1134",1037,89,4.25
"1135",1131,89,3.41666666666667
"1136",1573,89,3.28888888888889
"1137",1763,89,3.93333333333333
"1138",2142,89,3.6875
"1139",2211,89,3.64285714285714
"1140",2389,89,4.55555555555556
"1141",2475,89,4
"1142",2588,89,3
"1143",2616,89,4
"1144",56,90,3.43478260869565
"1145",59,90,3.53846153846154
"1146",85,90,3.42857142857143
"1147",113,90,3.47619047619048
"1148",125,90,4
"1149",397,90,3.37037037037037
"1150",435,90,4.66666666666667
"1151",754,90,3.70833333333333
"1152",792,90,3.54545454545455
"1153",987,90,3.34782608695652
"1154",998,90,4.7
"1155",1120,90,3.88888888888889
"1156",1251,90,3.46153846153846
"1157",1256,90,3.69230769230769
"1158",1367,90,4.04761904761905
"1159",1414,90,3.77777777777778
"1160",1436,90,4.5
"1161",1478,90,3.68181818181818
"1162",1480,90,3.33333333333333
"1163",1481,90,3.65384615384615
"1164",1538,90,2.55555555555556
"1165",1557,90,3.5
"1166",1599,90,3.76923076923077
"1167",1679,90,2.88461538461538
"1168",1743,90,4.14285714285714
"1169",1804,90,3.61538461538462
"1170",1841,90,4.0625
"1171",2260,90,3.81481481481481
"1172",2300,90,3.7
"1173",2341,90,3.92857142857143
"1174",2429,90,4.44444444444444
"1175",2576,90,3.85714285714286
"1176",2591,90,3.33333333333333
"1177",2628,90,3.88888888888889
"1178",90,91,2.65
"1179",281,91,3.05454545454545
"1180",329,91,3.61538461538462
"1181",404,91,3.33333333333333
"1182",588,91,3.40740740740741
"1183",718,91,3.72222222222222
"1184",923,91,3.55
"1185",1130,91,3.6
"1186",1374,91,3.10526315789474
"1187",1509,91,3.86363636363636
"1188",1526,91,3.75
"1189",1527,91,3.85714285714286
"1190",1538,91,3.32142857142857
"1191",1895,91,3.375
"1192",1935,91,3.47619047619048
"1193",2316,91,3.59259259259259
"1194",2645,91,5
"1195",21,92,3.41025641025641
"1196",88,92,3.6304347826087
"1197",92,92,3.8974358974359
"1198",190,92,3.63157894736842
"1199",252,92,2.84615384615385
"1200",462,92,3.48148148148148
"1201",622,92,3.53571428571429
"1202",632,92,3.82352941176471
"1203",685,92,3.78260869565217
"1204",689,92,3.5
"1205",769,92,3.3
"1206",868,92,3.33333333333333
"1207",1000,92,3.40909090909091
"1208",1001,92,3.33333333333333
"1209",1013,92,3.81818181818182
"1210",1110,92,3.94444444444444
"1211",1293,92,3.85714285714286
"1212",1369,92,3.91304347826087
"1213",1506,92,3.75806451612903
"1214",1537,92,3.75
"1215",1540,92,3.72
"1216",1612,92,3.34210526315789
"1217",1867,92,3.35714285714286
"1218",2232,92,3.84
"1219",2471,92,4.13333333333333
"1220",2474,92,4.0625
"1221",2554,92,3.75
"1222",256,93,3.8
"1223",296,93,3.31578947368421
"1224",472,93,3.04761904761905
"1225",485,93,4.35294117647059
"1226",581,93,3.60975609756098
"1227",649,93,4.11111111111111
"1228",682,93,3.55555555555556
"1229",854,93,3.80952380952381
"1230",937,93,3.83720930232558
"1231",948,93,3.25
"1232",969,93,3.5625
"1233",979,93,3.70588235294118
"1234",1166,93,4
"1235",1666,93,3.64
"1236",1815,93,3
"1237",1903,93,3.8
"1238",1941,93,3.27777777777778
"1239",2669,93,3.5
"1240",92,94,3.16923076923077
"1241",98,94,3.41666666666667
"1242",446,94,3.57692307692308
"1243",511,94,4.75757575757576
"1244",551,94,3.60869565217391
"1245",682,94,3.41666666666667
"1246",767,94,3.5
"1247",917,94,3.72727272727273
"1248",943,94,3.40909090909091
"1249",972,94,3.41176470588235
"1250",1000,94,4.44444444444444
"1251",1784,94,3.5
"1252",2037,94,3.73333333333333
"1253",2055,94,3.73333333333333
"1254",2259,94,3.82352941176471
"1255",2294,94,3.76470588235294
"1256",2470,94,3.64285714285714
"1257",2515,94,3.92307692307692
"1258",71,95,3.79166666666667
"1259",88,95,1.625
"1260",367,95,3.53846153846154
"1261",383,95,3.28571428571429
"1262",864,95,3.64705882352941
"1263",924,95,3.65217391304348
"1264",1026,95,3.75
"1265",1176,95,3.83333333333333
"1266",1299,95,3.58823529411765
"1267",1414,95,3.61538461538462
"1268",1511,95,4.13636363636364
"1269",1734,95,4
"1270",1780,95,3.1875
"1271",1787,95,3.60869565217391
"1272",1817,95,3.53333333333333
"1273",1897,95,3.58333333333333
"1274",1909,95,2.875
"1275",2039,95,3.57142857142857
"1276",2141,95,3.86666666666667
"1277",2156,95,3.23076923076923
"1278",2197,95,3.2
"1279",2265,95,3.84615384615385
"1280",2302,95,3.86666666666667
"1281",2348,95,3.78571428571429
"1282",2475,95,4.48484848484848
"1283",2518,95,4.1
"1284",2520,95,4.1875
"1285",2649,95,4.41176470588235
"1286",699,96,3.86363636363636
"1287",862,96,4.7
"1288",888,96,3.96
"1289",1128,96,4.35714285714286
"1290",1260,96,3.63934426229508
"1291",1309,96,3.1304347826087
"1292",1779,96,3.76923076923077
"1293",1879,96,3.8125
"1294",1929,96,3.94736842105263
"1295",2517,96,3.92857142857143
"1296",2530,96,4.25
"1297",108,97,3.84210526315789
"1298",312,97,3
"1299",639,97,4.07317073170732
"1300",649,97,3.54545454545455
"1301",986,97,3.41176470588235
"1302",1128,97,3.71428571428571
"1303",1343,97,3.80952380952381
"1304",1348,97,3.59090909090909
"1305",1466,97,4.63414634146341
"1306",1515,97,3.89285714285714
"1307",1520,97,3.92857142857143
"1308",1531,97,4.025
"1309",1597,97,3.6
"1310",1674,97,4.45238095238095
"1311",1701,97,3.41666666666667
"1312",1806,97,3.375
"1313",1842,97,3.17647058823529
"1314",1937,97,3.64705882352941
"1315",1954,97,3.44444444444444
"1316",2000,97,3.375
"1317",2145,97,3.47058823529412
"1318",2161,97,3.76470588235294
"1319",2229,97,3.375
"1320",2269,97,3.75
"1321",2507,97,3.6
"1322",2613,97,4
"1323",161,98,3.8
"1324",310,98,3.4
"1325",357,98,3.875
"1326",536,98,3.73076923076923
"1327",637,98,4.21428571428571
"1328",664,98,3.52173913043478
"1329",863,98,3.66666666666667
"1330",930,98,3.36
"1331",1483,98,3.70731707317073
"1332",1573,98,3.82926829268293
"1333",1668,98,3.19047619047619
"1334",1839,98,3.73333333333333
"1335",1880,98,3.47058823529412
"1336",2486,98,3.52941176470588
"1337",2496,98,3.6875
"1338",38,99,3.56521739130435
"1339",359,99,3.48275862068966
"1340",607,99,3.35616438356164
"1341",699,99,4.66666666666667
"1342",720,99,3.48
"1343",804,99,3.34615384615385
"1344",876,99,3.5
"1345",880,99,3.95555555555556
"1346",948,99,4.44444444444444
"1347",978,99,3.46666666666667
"1348",999,99,3.95
"1349",1009,99,3.23809523809524
"1350",1119,99,4
"1351",1789,99,3.52941176470588
"1352",1939,99,3.6875
"1353",2041,99,3.71428571428571
"1354",2093,99,3.93333333333333
"1355",2181,99,3.28571428571429
"1356",2424,99,3.93333333333333
"1357",2603,99,4.33333333333333
"1358",13,100,3.52380952380952
"1359",72,100,3.84
"1360",98,100,4.4
"1361",217,100,3.82608695652174
"1362",272,100,3.38095238095238
"1363",290,100,3.4
"1364",298,100,3.8
"1365",356,100,3.11764705882353
"1366",369,100,3.57142857142857
"1367",550,100,3.33333333333333
"1368",606,100,4.07142857142857
"1369",632,100,4.44444444444444
"1370",683,100,3.7
"1371",840,100,3.78947368421053
"1372",904,100,3.78947368421053
"1373",942,100,4.57575757575758
"1374",983,100,3.88095238095238
"1375",1020,100,3.64912280701754
"1376",1078,100,3.28571428571429
"1377",1346,100,3.65
"1378",1374,100,3.85365853658537
"1379",1421,100,3.74193548387097
"1380",1448,100,3.52941176470588
"1381",1483,100,3.32142857142857
"1382",1556,100,4.14285714285714
"1383",1656,100,3.2
"1384",1680,100,3.74074074074074
"1385",1778,100,3.3125
"1386",1904,100,3.27777777777778
"1387",2014,100,3.7
"1388",2054,100,4.06666666666667
"1389",2233,100,3.33333333333333
"1390",2297,100,3.77777777777778
"1391",2517,100,5
"1392",2806,100,4
"1393",211,101,3.85714285714286
"1394",355,101,3.47761194029851
"1395",461,101,3.4
"1396",588,101,4.44117647058824
"1397",1284,101,3.62962962962963
"1398",1297,101,3.86363636363636
"1399",1820,101,3.76923076923077
"1400",1949,101,3.75
"1401",2125,101,3.8
"1402",2278,101,3.1875
"1403",2432,101,4.6
"1404",359,102,4.875
"1405",653,102,3.65
"1406",663,102,3.5
"1407",733,102,3.63636363636364
"1408",832,102,3.77777777777778
"1409",854,102,4.45238095238095
"1410",1255,102,3.36666666666667
"1411",1309,102,6
"1412",1456,102,3.625
"1413",1530,102,4.375
"1414",1548,102,3.75862068965517
"1415",1704,102,3.5609756097561
"1416",1956,102,3.6
"1417",2171,102,3.58823529411765
"1418",2299,102,3.88888888888889
"1419",2526,102,4.4
"1420",2532,102,4
"1421",2566,102,3.75
"1422",2669,102,4.23529411764706
"1423",108,103,4.625
"1424",225,103,3.5
"1425",251,103,4.36363636363636
"1426",493,103,4
"1427",662,103,4.16949152542373
"1428",790,103,3.56521739130435
"1429",834,103,3.68421052631579
"1430",938,103,3.07142857142857
"1431",1245,103,3.44444444444444
"1432",1339,103,3.42307692307692
"1433",1450,103,3.39024390243902
"1434",1827,103,3.9375
"1435",2192,103,3.5625
"1436",2356,103,3.8
"1437",96,104,3.47727272727273
"1438",121,104,3.72
"1439",289,104,3.35294117647059
"1440",464,104,3.48
"1441",508,104,3.24
"1442",559,104,4.11904761904762
"1443",709,104,3.25
"1444",882,104,3.56521739130435
"1445",1288,104,3.375
"1446",1812,104,3.48
"1447",1945,104,3.85
"1448",2659,104,3.75
"1449",71,105,4.75
"1450",83,105,3.24444444444444
"1451",96,105,4.39024390243902
"1452",400,105,3.4
"1453",470,105,3.45454545454545
"1454",601,105,3.52857142857143
"1455",666,105,3.57142857142857
"1456",1075,105,3.39130434782609
"1457",1084,105,3.58333333333333
"1458",1174,105,3.45454545454545
"1459",1242,105,4.59523809523809
"1460",1333,105,3.21818181818182
"1461",1362,105,3.52380952380952
"1462",1364,105,3.55555555555556
"1463",1394,105,3.20833333333333
"1464",1485,105,3.57894736842105
"1465",1693,105,3.5
"1466",1832,105,3.5
"1467",2177,105,3.41176470588235
"1468",2411,105,3.5
"1469",93,106,3.23809523809524
"1470",334,106,4.63636363636364
"1471",580,106,3.44594594594595
"1472",680,106,3.41666666666667
"1473",777,106,3.6
"1474",1038,106,4.375
"1475",1064,106,3.42857142857143
"1476",1363,106,3.66666666666667
"1477",1371,106,3.54545454545455
"1478",1437,106,4.55
"1479",1722,106,3.71186440677966
"1480",1813,106,3.41176470588235
"1481",2189,106,4
"1482",2330,106,3.52941176470588
"1483",14,107,3.91176470588235
"1484",334,107,3.26086956521739
"1485",342,107,3.23529411764706
"1486",526,107,3.14285714285714
"1487",744,107,3.16666666666667
"1488",776,107,3.375
"1489",801,107,3.57692307692308
"1490",835,107,3.5625
"1491",910,107,3.76190476190476
"1492",1062,107,3.33333333333333
"1493",1197,107,3.27272727272727
"1494",1268,107,5.33333333333333
"1495",1291,107,3.34615384615385
"1496",1323,107,3.33333333333333
"1497",1371,107,3.88888888888889
"1498",1409,107,3.78947368421053
"1499",1454,107,3.89655172413793
"1500",1487,107,3.56521739130435
"1501",1666,107,4.83333333333333
"1502",1802,107,3.27777777777778
"1503",2143,107,3.8125
"1504",2204,107,3.4375
"1505",2298,107,3.68421052631579
"1506",372,108,3.39285714285714
"1507",380,108,3.46428571428571
"1508",593,108,3.55555555555556
"1509",720,108,4.11111111111111
"1510",734,108,3.38461538461538
"1511",736,108,3.5
"1512",1111,108,3.94736842105263
"1513",1220,108,3.35714285714286
"1514",1336,108,3.33333333333333
"1515",1892,108,3.72
"1516",2137,108,3.8125
"1517",2169,108,3.55
"1518",2323,108,3.75
"1519",83,109,3.71794871794872
"1520",87,109,4.07692307692308
"1521",100,109,3.86363636363636
"1522",126,109,3.8695652173913
"1523",146,109,3.42857142857143
"1524",174,109,3.80769230769231
"1525",895,109,3.92307692307692
"1526",915,109,3.8695652173913
"1527",916,109,3.66666666666667
"1528",919,109,3.46153846153846
"1529",967,109,3.76923076923077
"1530",1013,109,4.6
"1531",1108,109,3.32142857142857
"1532",1146,109,4.125
"1533",1196,109,3
"1534",1341,109,3.70588235294118
"1535",1686,109,3.5
"1536",2242,109,3.46153846153846
"1537",2495,109,4
"1538",2534,109,4.13333333333333
"1539",45,110,3.31818181818182
"1540",93,110,3.97435897435897
"1541",100,110,4.11111111111111
"1542",103,110,3.65
"1543",126,110,4.22222222222222
"1544",133,110,4
"1545",311,110,3.61904761904762
"1546",377,110,0
"1547",389,110,3.44444444444444
"1548",637,110,3.609375
"1549",668,110,3.52
"1550",709,110,3.88888888888889
"1551",852,110,3.71428571428571
"1552",901,110,3.58823529411765
"1553",1155,110,3.88235294117647
"1554",1265,110,3.57142857142857
"1555",1300,110,3.17391304347826
"1556",1417,110,3.83333333333333
"1557",1460,110,4.13793103448276
"1558",1559,110,3.42105263157895
"1559",1670,110,3.375
"1560",1716,110,3.47619047619048
"1561",1757,110,3.94736842105263
"1562",1850,110,3.64705882352941
"1563",2033,110,3.51111111111111
"1564",2072,110,3.8
"1565",2224,110,3.4375
"1566",2353,110,3.78571428571429
"1567",2526,110,5
"1568",2594,110,3.84210526315789
"1569",259,111,3.44444444444444
"1570",441,111,4.4
"1571",522,111,3.41666666666667
"1572",583,111,3.55
"1573",742,111,3.46153846153846
"1574",847,111,3.47058823529412
"1575",925,111,3.4
"1576",1102,111,3.84210526315789
"1577",1198,111,3.20833333333333
"1578",1355,111,3.7
"1579",1672,111,3.70833333333333
"1580",1752,111,3.83333333333333
"1581",2078,111,3.375
"1582",2235,111,3.46428571428571
"1583",2245,111,3.76470588235294
"1584",2274,111,3.75
"1585",2292,111,3.5
"1586",2485,111,3.5
"1587",2558,111,4
"1588",133,112,3.67857142857143
"1589",222,112,3.63157894736842
"1590",267,112,3.61111111111111
"1591",332,112,3.56521739130435
"1592",601,112,3.78571428571429
"1593",705,112,3.45
"1594",1019,112,3.28571428571429
"1595",1031,112,4.22222222222222
"1596",1122,112,4.25
"1597",1349,112,3.65384615384615
"1598",1465,112,3.79032258064516
"1599",1596,112,3.64285714285714
"1600",1699,112,3.625
"1601",1919,112,3.19047619047619
"1602",1983,112,3.78947368421053
"1603",2293,112,3.22222222222222
"1604",2451,112,3.625
"1605",99,113,3.84
"1606",122,113,3.875
"1607",261,113,3.68421052631579
"1608",475,113,3.24137931034483
"1609",658,113,3.52
"1610",755,113,3.30769230769231
"1611",859,113,3.25
"1612",995,113,4.9
"1613",1122,113,3.9
"1614",1156,113,3.76470588235294
"1615",1316,113,3.5
"1616",1506,113,3.95348837209302
"1617",1695,113,3.64285714285714
"1618",1790,113,3.30769230769231
"1619",1889,113,3.42307692307692
"1620",1894,113,3
"1621",1947,113,3.36842105263158
"1622",2007,113,4
"1623",2523,113,4.30769230769231
"1624",2828,113,4.5
"1625",136,114,3.59090909090909
"1626",137,114,3.69736842105263
"1627",355,114,4
"1628",454,114,3.5
"1629",467,114,3.38095238095238
"1630",599,114,3.33333333333333
"1631",767,114,4.3
"1632",1057,114,3.88235294117647
"1633",1208,114,4.25
"1634",1333,114,3.95
"1635",1373,114,3.60869565217391
"1636",1520,114,3.55555555555556
"1637",1624,114,4.08
"1638",1795,114,3.4
"1639",2034,114,3.64285714285714
"1640",2052,114,3.48148148148148
"1641",2095,114,3.77777777777778
"1642",2172,114,3.60869565217391
"1643",2173,114,3.875
"1644",2510,114,3.76923076923077
"1645",2648,114,4.125
"1646",19,115,3.51351351351351
"1647",143,115,3.90277777777778
"1648",277,115,2.96
"1649",369,115,4.33333333333333
"1650",551,115,4.47058823529412
"1651",633,115,3.69230769230769
"1652",778,115,3.36
"1653",892,115,3.55555555555556
"1654",895,115,4.46511627906977
"1655",981,115,3.625
"1656",1331,115,3.78947368421053
"1657",1463,115,3.72727272727273
"1658",1514,115,3.875
"1659",1714,115,3.85185185185185
"1660",1722,115,4
"1661",1731,115,3.67647058823529
"1662",1775,115,3.61904761904762
"1663",1801,115,3.47058823529412
"1664",2222,115,3.55555555555556
"1665",2225,115,3.46666666666667
"1666",510,116,3.30434782608696
"1667",780,116,3.43478260869565
"1668",846,116,3.42857142857143
"1669",1135,116,2.83333333333333
"1670",1413,116,3.43478260869565
"1671",1593,116,3.89189189189189
"1672",1594,116,2.47058823529412
"1673",2166,116,3.875
"1674",2433,116,3.92857142857143
"1675",2468,116,3.76470588235294
"1676",2496,116,2
"1677",2514,116,4
"1678",2562,116,3.85714285714286
"1679",39,117,3.82608695652174
"1680",177,117,3.36
"1681",223,117,3.76595744680851
"1682",669,117,3.5
"1683",751,117,3.25
"1684",831,117,3.70588235294118
"1685",1727,117,3.53125
"1686",2318,117,3.6
"1687",2415,117,4.33333333333333
"1688",2425,117,3.6
"1689",2605,117,4.375
"1690",2607,117,4.11111111111111
"1691",45,118,3.2
"1692",51,118,3.5
"1693",131,118,3.71428571428571
"1694",245,118,3.18181818181818
"1695",305,118,3.06153846153846
"1696",447,118,3.44444444444444
"1697",470,118,4.28571428571429
"1698",583,118,4.7741935483871
"1699",606,118,3.44594594594595
"1700",860,118,4
"1701",1368,118,3.62962962962963
"1702",1416,118,3.67857142857143
"1703",1448,118,4.475
"1704",1505,118,3.89655172413793
"1705",1691,118,3.31818181818182
"1706",1772,118,3.63157894736842
"1707",1855,118,3.3125
"1708",1999,118,3.75
"1709",2071,118,3.83333333333333
"1710",2099,118,3.38888888888889
"1711",2432,118,4.75
"1712",2466,118,3.94117647058824
"1713",2600,118,3.33333333333333
"1714",587,119,3.55
"1715",633,119,4.11111111111111
"1716",703,119,3.45454545454545
"1717",925,119,4.36585365853659
"1718",1010,119,3.5
"1719",1055,119,4.2
"1720",1164,119,3.8125
"1721",1196,119,5.125
"1722",1245,119,4.5
"1723",1426,119,4.60975609756098
"1724",1465,119,4.66666666666667
"1725",1477,119,3.7
"1726",1546,119,4
"1727",1613,119,3.34042553191489
"1728",1955,119,3.68421052631579
"1729",2051,119,3.57894736842105
"1730",2096,119,3.27777777777778
"1731",2254,119,3.8125
"1732",2304,119,3.44444444444444
"1733",2342,119,4.0625
"1734",2422,119,3.6875
"1735",19,120,3.4
"1736",22,120,3.75806451612903
"1737",75,120,3.90909090909091
"1738",109,120,3.3
"1739",284,120,3.59090909090909
"1740",316,120,3.7
"1741",641,120,3.65
"1742",643,120,3.73913043478261
"1743",755,120,3.55555555555556
"1744",809,120,3.73076923076923
"1745",853,120,3.76923076923077
"1746",878,120,3.91666666666667
"1747",921,120,3.72
"1748",1020,120,4.17948717948718
"1749",1129,120,3.47619047619048
"1750",1412,120,3.62962962962963
"1751",1484,120,2.83636363636364
"1752",1684,120,3.56521739130435
"1753",1718,120,3.80769230769231
"1754",1768,120,3.33333333333333
"1755",1786,120,3.625
"1756",1964,120,2.60714285714286
"1757",1984,120,3.875
"1758",2306,120,3.73333333333333
"1759",2327,120,3.69230769230769
"1760",2406,120,2.85714285714286
"1761",2521,120,4.46153846153846
"1762",2540,120,4.42857142857143
"1763",2590,120,3.85714285714286
"1764",2615,120,4
"1765",2681,120,3.25
"1766",191,121,3.78571428571429
"1767",209,121,3.88235294117647
"1768",280,121,3.47619047619048
"1769",584,121,4.90625
"1770",905,121,3.8125
"1771",1420,121,3.63492063492063
"1772",1509,121,4
"1773",1551,121,3.58823529411765
"1774",1600,121,3.5
"1775",1739,121,3.55555555555556
"1776",1759,121,3.31034482758621
"1777",1796,121,3.41176470588235
"1778",2196,121,3.88888888888889
"1779",2501,121,3.76470588235294
"1780",99,122,4.22222222222222
"1781",107,122,3.85
"1782",132,122,3.73913043478261
"1783",299,122,3.5
"1784",350,122,3.33333333333333
"1785",429,122,3.44827586206897
"1786",667,122,3.375
"1787",1319,122,4.53658536585366
"1788",1452,122,3.62903225806452
"1789",1777,122,3.4375
"1790",2068,122,3.86363636363636
"1791",2614,122,3.88888888888889
"1792",81,123,3.625
"1793",235,123,3.54545454545455
"1794",282,123,3.31818181818182
"1795",444,123,4.02564102564103
"1796",580,123,4.02439024390244
"1797",710,123,3.78260869565217
"1798",724,123,4.52777777777778
"1799",1047,123,4
"1800",1946,123,3.61904761904762
"1801",2048,123,3.5
"1802",2252,123,3.78571428571429
"1803",2534,123,5
"1804",2671,123,3.625
"1805",138,124,4.25641025641026
"1806",201,124,4.1304347826087
"1807",215,124,4.04347826086957
"1808",241,124,3.375
"1809",315,124,3.6
"1810",405,124,3.64
"1811",454,124,4.96969696969697
"1812",724,124,3.41379310344828
"1813",745,124,3.64285714285714
"1814",1198,124,5.25
"1815",1286,124,3.48275862068966
"1816",1349,124,4.6
"1817",1468,124,4.08
"1818",1681,124,3.60714285714286
"1819",1682,124,3.65384615384615
"1820",2157,124,3.82352941176471
"1821",2499,124,3.76470588235294
"1822",2523,124,5.09090909090909
"1823",2646,124,4
"1824",65,125,3.70833333333333
"1825",95,125,3.80952380952381
"1826",97,125,3.46153846153846
"1827",350,125,4.175
"1828",394,125,3.56
"1829",519,125,3.42307692307692
"1830",572,125,3.94202898550725
"1831",716,125,3.375
"1832",756,125,3.43939393939394
"1833",778,125,4.25714285714286
"1834",833,125,3.52941176470588
"1835",1123,125,4.09523809523809
"1836",1212,125,3.73684210526316
"1837",1544,125,3.78125
"1838",1546,125,4.54761904761905
"1839",1828,125,3.86666666666667
"1840",2018,125,3.6875
"1841",2191,125,3.33333333333333
"1842",39,126,4.7
"1843",41,126,3.85714285714286
"1844",49,126,3.25333333333333
"1845",109,126,3.44444444444444
"1846",232,126,3.3
"1847",236,126,3.58333333333333
"1848",241,126,0
"1849",771,126,3.53846153846154
"1850",1205,126,3.90322580645161
"1851",1223,126,3.72
"1852",1294,126,3.22222222222222
"1853",1426,126,3.89285714285714
"1854",1741,126,3.95
"1855",1771,126,3.71428571428571
"1856",51,127,4.77777777777778
"1857",80,127,3.54
"1858",389,127,4.56756756756757
"1859",420,127,4.43243243243243
"1860",629,127,3.7037037037037
"1861",647,127,3.45833333333333
"1862",922,127,4
"1863",1125,127,3.72
"1864",1360,127,3.85
"1865",1452,127,4.5609756097561
"1866",1587,127,3.47058823529412
"1867",1602,127,4
"1868",1731,127,4
"1869",1738,127,3.15384615384615
"1870",1844,127,3.44444444444444
"1871",2136,127,3.4375
"1872",2512,127,4.77777777777778
"1873",432,128,3.65384615384615
"1874",478,128,3.24390243902439
"1875",554,128,3.16
"1876",584,128,3.7037037037037
"1877",690,128,3.22727272727273
"1878",708,128,3.66666666666667
"1879",719,128,3.55
"1880",989,128,3.5625
"1881",1099,128,3.75
"1882",1202,128,4.8
"1883",1461,128,3.81818181818182
"1884",1471,128,3.38461538461538
"1885",1688,128,3.07142857142857
"1886",1990,128,3.95454545454545
"1887",2020,128,4.29411764705882
"1888",2126,128,3.4375
"1889",2267,128,3.71428571428571
"1890",2512,128,4.21428571428571
"1891",860,129,4.6875
"1892",1206,129,3.76923076923077
"1893",1258,129,3.71186440677966
"1894",1663,129,3.56521739130435
"1895",1766,129,3.47619047619048
"1896",1883,129,3.6
"1897",2064,129,4.07142857142857
"1898",2182,129,3.83333333333333
"1899",2226,129,3.26666666666667
"1900",2478,129,4.11111111111111
"1901",2494,129,4.90909090909091
"1902",2618,129,3.88888888888889
"1903",2777,129,3.375
"1904",360,130,3.59259259259259
"1905",406,130,3.5
"1906",440,130,3.36666666666667
"1907",530,130,3.28571428571429
"1908",710,130,4.42857142857143
"1909",872,130,3.90163934426229
"1910",909,130,4.67647058823529
"1911",1003,130,3.92
"1912",1567,130,3.86666666666667
"1913",1575,130,3.5
"1914",1823,130,4.07142857142857
"1915",1831,130,3.75
"1916",1933,130,3.23529411764706
"1917",2150,130,3.25
"1918",2234,130,3.86666666666667
"1919",2422,130,4.84375
"1920",2579,130,3
"1921",41,131,4.7
"1922",285,131,3.6
"1923",348,131,3.5
"1924",376,131,3.375
"1925",674,131,3.48
"1926",827,131,3.45454545454545
"1927",1153,131,3.73684210526316
"1928",1208,131,5.04761904761905
"1929",1568,131,3.75
"1930",1655,131,3.65217391304348
"1931",2625,131,4
"1932",49,132,3.02380952380952
"1933",137,132,4.19512195121951
"1934",209,132,4.76923076923077
"1935",242,132,3.36363636363636
"1936",409,132,3.33333333333333
"1937",471,132,4.27906976744186
"1938",821,132,4.0625
"1939",1173,132,3.34782608695652
"1940",1331,132,4.11111111111111
"1941",1605,132,3.6
"1942",2153,132,3.81818181818182
"1943",2608,132,4.375
"1944",43,133,3.79166666666667
"1945",116,133,3.85526315789474
"1946",309,133,3.57142857142857
"1947",426,133,3.52173913043478
"1948",772,133,3.4
"1949",805,133,3.8695652173913
"1950",977,133,3.64705882352941
"1951",1098,133,3.875
"1952",1420,133,4.19047619047619
"1953",1447,133,4
"1954",1590,133,3.35294117647059
"1955",1721,133,3.75
"1956",1740,133,3.65
"1957",1838,133,3.55
"1958",1912,133,3.23529411764706
"1959",1915,133,3.625
"1960",2466,133,4.125
"1961",2653,133,3.77777777777778
"1962",2709,133,4
"1963",105,134,3.79166666666667
"1964",140,134,3.44155844155844
"1965",283,134,3.5
"1966",419,134,3.23076923076923
"1967",695,134,3.81818181818182
"1968",1671,134,3.8
"1969",1684,134,3.55555555555556
"1970",1792,134,3.33333333333333
"1971",2291,134,3.8
"1972",44,135,3.42307692307692
"1973",366,135,3.48275862068966
"1974",440,135,4.5
"1975",497,135,3.8
"1976",922,135,4.65714285714286
"1977",1107,135,4
"1978",1135,135,3.57142857142857
"1979",1186,135,3.34782608695652
"1980",1647,135,3.47619047619048
"1981",1740,135,4.34146341463415
"1982",1741,135,4.55555555555556
"1983",1844,135,3.9375
"1984",1849,135,3.1875
"1985",2005,135,3.9375
"1986",2178,135,3.86666666666667
"1987",2592,135,4
"1988",258,136,3.51063829787234
"1989",423,136,3.39285714285714
"1990",572,136,4.71428571428571
"1991",627,136,3.88461538461538
"1992",725,136,3.55555555555556
"1993",898,136,4.35714285714286
"1994",1123,136,4.8
"1995",1292,136,3.5
"1996",1294,136,3.125
"1997",1558,136,3.25
"1998",1601,136,3.875
"1999",1673,136,3.56
"2000",1788,136,3.79166666666667
"2001",2030,136,3.29411764705882
"2002",2174,136,3.58823529411765
"2003",2287,136,3.77777777777778
"2004",23,137,4.075
"2005",218,137,4
"2006",347,137,3.625
"2007",598,137,3.48148148148148
"2008",845,137,3.41176470588235
"2009",856,137,4.20512820512821
"2010",1067,137,3.64150943396226
"2011",1521,137,3.72340425531915
"2012",1687,137,3.36363636363636
"2013",1729,137,3.75862068965517
"2014",1730,137,3.68965517241379
"2015",2170,137,3.875
"2016",2352,137,3.52
"2017",2361,137,3.78947368421053
"2018",2705,137,2.875
"2019",46,138,3.65714285714286
"2020",95,138,4.65853658536585
"2021",97,138,4.02439024390244
"2022",249,138,3.6
"2023",581,138,3.50704225352113
"2024",597,138,3.64
"2025",704,138,3.52380952380952
"2026",770,138,3.5
"2027",848,138,3.85714285714286
"2028",903,138,3.63157894736842
"2029",1100,138,3.91304347826087
"2030",1419,138,3.88461538461538
"2031",1603,138,3.33333333333333
"2032",2019,138,3.88888888888889
"2033",2149,138,3.90697674418605
"2034",2243,138,4.14285714285714
"2035",2253,138,3.82352941176471
"2036",2295,138,3.875
"2037",2652,138,3.66666666666667
"2038",2697,138,4.33333333333333
"2039",35,139,3.3125
"2040",37,139,3.91304347826087
"2041",80,139,4.65853658536585
"2042",214,139,3.625
"2043",265,139,3.64
"2044",674,139,5.125
"2045",1034,139,3.88888888888889
"2046",1427,139,3.70175438596491
"2047",1591,139,3.625
"2048",2049,139,3.47368421052632
"2049",23,140,4.275
"2050",234,140,3.36363636363636
"2051",297,140,3.60869565217391
"2052",306,140,3.80952380952381
"2053",434,140,3.16666666666667
"2054",613,140,3.57142857142857
"2055",665,140,3.54545454545455
"2056",1061,140,3.26086956521739
"2057",1083,140,3.53225806451613
"2058",1086,140,3.875
"2059",1125,140,3.82051282051282
"2060",1258,140,4.11904761904762
"2061",1455,140,3.57142857142857
"2062",1886,140,3.73684210526316
"2063",1982,140,3.92307692307692
"2064",2063,140,4.35714285714286
"2065",2494,140,4.14285714285714
"2066",2593,140,3.66666666666667
"2067",2697,140,3.83333333333333
"2068",134,141,3.60869565217391
"2069",275,141,3.4375
"2070",487,141,3.55555555555556
"2071",676,141,3.42307692307692
"2072",694,141,3.73076923076923
"2073",717,141,3.63157894736842
"2074",975,141,4.07142857142857
"2075",1004,141,3.88
"2076",1017,141,3.59259259259259
"2077",1080,141,3.22727272727273
"2078",1443,141,3.83333333333333
"2079",1505,141,5.10344827586207
"2080",1717,141,3.81481481481481
"2081",1799,141,3.625
"2082",2024,141,3.76923076923077
"2083",2067,141,3.78947368421053
"2084",116,142,4.775
"2085",356,142,3.0952380952381
"2086",536,142,5.1875
"2087",694,142,4.4390243902439
"2088",1083,142,3.79487179487179
"2089",1473,142,3.76
"2090",2153,142,4.59375
"2091",2180,142,3.84210526315789
"2092",2477,142,4.33333333333333
"2093",40,143,3.90909090909091
"2094",53,143,3.6
"2095",431,143,3.84
"2096",756,143,3.8780487804878
"2097",810,143,3.39285714285714
"2098",1003,143,4.32558139534884
"2099",1133,143,3.34782608695652
"2100",1328,143,3.88461538461538
"2101",1848,143,3.375
"2102",1854,143,3.66666666666667
"2103",2081,143,3.75
"2104",2538,143,4.33333333333333
"2105",2695,143,3.22222222222222
"2106",27,144,3.67105263157895
"2107",140,144,4.225
"2108",786,144,3.57692307692308
"2109",795,144,3.56
"2110",836,144,3.58823529411765
"2111",849,144,3.86666666666667
"2112",985,144,3.07142857142857
"2113",1082,144,3.21739130434783
"2114",1469,144,3.57377049180328
"2115",1707,144,3.65853658536585
"2116",2011,144,3.71428571428571
"2117",2091,144,4.82352941176471
"2118",2658,144,4.5
"2119",46,145,4
"2120",227,145,3.8695652173913
"2121",349,145,4.6
"2122",592,145,3.29166666666667
"2123",675,145,3.45833333333333
"2124",1203,145,4.42857142857143
"2125",1533,145,4.03846153846154
"2126",2056,145,3.625
"2127",2160,145,4
"2128",2477,145,4.87878787878788
"2129",24,146,3.92682926829268
"2130",36,146,3.68421052631579
"2131",443,146,3.37037037037037
"2132",634,146,3.78260869565217
"2133",715,146,3.65217391304348
"2134",795,146,4.5
"2135",1260,146,4
"2136",1425,146,3.59090909090909
"2137",1610,146,3.625
"2138",1611,146,3.53333333333333
"2139",2329,146,3.57142857142857
"2140",264,147,3.57142857142857
"2141",600,147,3.53731343283582
"2142",725,147,3.44444444444444
"2143",761,147,3.34920634920635
"2144",856,147,4.57142857142857
"2145",1005,147,3.66666666666667
"2146",1549,147,4.4
"2147",2326,147,3.625
"2148",230,148,3.66666666666667
"2149",681,148,4.11764705882353
"2150",1523,148,3.96
"2151",1606,148,3.4375
"2152",1660,148,3.33333333333333
"2153",1797,148,3.375
"2154",1856,148,3.77777777777778
"2155",2062,148,3.58823529411765
"2156",2185,148,3.25
"2157",2473,148,4.13333333333333
"2158",2508,148,3.94444444444444
"2159",2602,148,3.75
"2160",2619,148,4
"2161",1,149,4.08219178082192
"2162",602,149,3.92647058823529
"2163",613,149,4.48571428571429
"2164",735,149,3.17857142857143
"2165",764,149,3.33823529411765
"2166",1193,149,3.37037037037037
"2167",1205,149,4.85714285714286
"2168",1444,149,3.51666666666667
"2169",1967,149,3.46153846153846
"2170",1987,149,4.11111111111111
"2171",2047,149,3.77777777777778
"2172",60,150,3.875
"2173",195,150,3.95
"2174",403,150,3.3448275862069
"2175",431,150,4.3
"2176",571,150,3.77272727272727
"2177",607,150,3.73809523809524
"2178",1469,150,4.07142857142857
"2179",1758,150,3.92
"2180",1826,150,3.47058823529412
"2181",1885,150,3.8125
"2182",2179,150,3.4375
"2183",2478,150,4.77777777777778
"2184",2486,150,3.88888888888889
"2185",957,151,3.58333333333333
"2186",1167,151,4.82352941176471
"2187",1304,151,3.83050847457627
"2188",1380,151,3.41379310344828
"2189",1773,151,3.41176470588235
"2190",2492,151,4.05555555555556
"2191",2675,151,3.3
"2192",4,152,3.98245614035088
"2193",44,152,3.72972972972973
"2194",189,152,3.68181818181818
"2195",294,152,3.27272727272727
"2196",314,152,3.75
"2197",322,152,3.56060606060606
"2198",600,152,4.28571428571429
"2199",638,152,3.41379310344828
"2200",687,152,3.7
"2201",1017,152,4.8
"2202",1165,152,3.95
"2203",1459,152,3.875
"2204",1498,152,3.58823529411765
"2205",1576,152,3.93023255813953
"2206",1689,152,3.8695652173913
"2207",1833,152,3.33333333333333
"2208",2016,152,3.5
"2209",2240,152,3.8125
"2210",2251,152,3.76470588235294
"2211",2289,152,3.5
"2212",2587,152,4
"2213",2611,152,4
"2214",2694,152,3.66666666666667
"2215",2,153,3.82666666666667
"2216",53,153,4.53125
"2217",82,153,3.90909090909091
"2218",257,153,3.22222222222222
"2219",291,153,3.68421052631579
"2220",301,153,3.24
"2221",318,153,3.33333333333333
"2222",735,153,3.875
"2223",1058,153,3.66666666666667
"2224",1118,153,4.14285714285714
"2225",1365,153,3.74074074074074
"2226",2350,153,3.93333333333333
"2227",192,154,4.14285714285714
"2228",455,154,3.46666666666667
"2229",635,154,4.04166666666667
"2230",648,154,3.81818181818182
"2231",867,154,3.53333333333333
"2232",1154,154,3.84615384615385
"2233",1457,154,3.96153846153846
"2234",1728,154,3.46153846153846
"2235",1920,154,3.72222222222222
"2236",2158,154,3.6875
"2237",2275,154,3.69230769230769
"2238",589,155,3.2
"2239",657,155,3.76470588235294
"2240",829,155,3.93333333333333
"2241",841,155,3.28571428571429
"2242",857,155,4.02380952380952
"2243",952,155,5.22222222222222
"2244",1061,155,5
"2245",1066,155,3.7
"2246",1180,155,3.76086956521739
"2247",1195,155,3.625
"2248",1462,155,3.625
"2249",1595,155,3.52941176470588
"2250",2022,155,3.52631578947368
"2251",2655,155,3.88888888888889
"2252",24,156,4.12820512820513
"2253",112,156,3.075
"2254",568,156,3.62962962962963
"2255",592,156,4.23529411764706
"2256",1126,156,3.77777777777778
"2257",1223,156,4.6
"2258",1824,156,3.66666666666667
"2259",1966,156,3.86666666666667
"2260",651,157,3.52173913043478
"2261",736,157,4
"2262",1472,157,4.22727272727273
"2263",1966,157,3.85714285714286
"2264",1988,157,4
"2265",2249,157,4
"2266",2621,157,3.88888888888889
"2267",473,158,0.921052631578947
"2268",773,158,3.48
"2269",774,158,3.36
"2270",1060,158,3.56
"2271",1077,158,3.30769230769231
"2272",1609,158,3.56140350877193
"2273",1781,158,3.75
"2274",1793,158,3.46666666666667
"2275",1821,158,3.25
"2276",1845,158,3.74074074074074
"2277",2006,158,4
"2278",2175,158,3.91666666666667
"2279",2498,158,3.77777777777778
"2280",62,159,4.5
"2281",128,159,3.87719298245614
"2282",740,159,3.12903225806452
"2283",1761,159,4.1
"2284",2058,159,3.66666666666667
"2285",2296,159,3.875
"2286",2531,159,4
"2287",57,160,4.08695652173913
"2288",672,160,3.54166666666667
"2289",991,160,3.88333333333333
"2290",1512,160,3.79166666666667
"2291",1577,160,2.84090909090909
"2292",2162,160,3.72222222222222
"2293",2217,160,3.8125
"2294",2489,160,3.33333333333333
"2295",2694,160,4.96969696969697
"2296",30,161,3.92307692307692
"2297",286,161,3.24
"2298",307,161,3.42105263157895
"2299",762,161,3.37037037037037
"2300",850,161,3.66666666666667
"2301",902,161,3.66666666666667
"2302",906,161,3.875
"2303",1085,161,3.75
"2304",1165,161,4.125
"2305",1285,161,3.53846153846154
"2306",1424,161,4.63888888888889
"2307",2168,161,4.21428571428571
"2308",2505,161,4
"2309",2653,161,4.85714285714286
"2310",2693,161,3.5
"2311",952,162,3.52941176470588
"2312",1072,162,3.5
"2313",1304,162,4.31707317073171
"2314",1323,162,4.8
"2315",1435,162,4.875
"2316",1470,162,4.20833333333333
"2317",1474,162,4.39024390243902
"2318",1585,162,4.09523809523809
"2319",1592,162,3.71428571428571
"2320",1616,162,3.38636363636364
"2321",1657,162,3.41176470588235
"2322",2676,162,3.75
"2323",269,163,3.47826086956522
"2324",351,163,3.84615384615385
"2325",520,163,3.78947368421053
"2326",894,163,3.40740740740741
"2327",912,163,3.625
"2328",982,163,3.5625
"2329",1376,163,4.88888888888889
"2330",1859,163,3.3
"2331",624,164,3.88235294117647
"2332",635,164,4.94444444444444
"2333",810,164,4.32352941176471
"2334",811,164,4.11538461538461
"2335",1427,164,4.09523809523809
"2336",1444,164,4.04761904761905
"2337",1474,164,3.73584905660377
"2338",1475,164,3.33333333333333
"2339",2629,164,4
"2340",22,165,3.975
"2341",230,165,3.68292682926829
"2342",292,165,3.19047619047619
"2343",304,165,4.08196721311475
"2344",430,165,3.35714285714286
"2345",684,165,3.59090909090909
"2346",826,165,3.88235294117647
"2347",914,165,4.2
"2348",1104,165,4.04166666666667
"2349",1467,165,3.85185185185185
"2350",1475,165,3.59259259259259
"2351",1770,165,3.39130434782609
"2352",2421,165,4.4375
"2353",221,166,3.66666666666667
"2354",240,166,3.47826086956522
"2355",882,166,4.5
"2356",1464,166,3.6
"2357",1498,166,3.73684210526316
"2358",1765,166,3.73333333333333
"2359",2053,166,3.66666666666667
"2360",2266,166,3.84210526315789
"2361",2519,166,4.5
"2362",2,167,4.6
"2363",42,167,3.80769230769231
"2364",439,167,3.38461538461538
"2365",761,167,3.85365853658537
"2366",911,167,3.875
"2367",2606,167,4.22222222222222
"2368",147,168,3.59459459459459
"2369",379,168,3.68
"2370",501,168,3.88
"2371",911,168,4.91666666666667
"2372",1191,168,3.13636363636364
"2373",1489,168,3.54545454545455
"2374",1494,168,3.64285714285714
"2375",17,169,3.61855670103093
"2376",143,169,4.63414634146341
"2377",198,169,3.68
"2378",774,169,4.08333333333333
"2379",843,169,3.70454545454545
"2380",1380,169,4.63888888888889
"2381",1830,169,4.07692307692308
"2382",2023,169,4
"2383",2102,169,3.75
"2384",2469,169,4.1875
"2385",131,170,4.5
"2386",279,170,3.57894736842105
"2387",602,170,4.64285714285714
"2388",920,170,4.05555555555556
"2389",1011,170,3.81481481481481
"2390",1361,170,3.71428571428571
"2391",1424,170,3.84
"2392",1490,170,3.96153846153846
"2393",1764,170,3.72727272727273
"2394",2050,170,3.66666666666667
"2395",2421,170,5.22222222222222
"2396",29,171,4.02631578947368
"2397",82,171,4.11111111111111
"2398",127,171,3.62903225806452
"2399",262,171,3.84210526315789
"2400",287,171,3.47368421052632
"2401",293,171,3.57142857142857
"2402",773,171,3.66666666666667
"2403",827,171,3.76190476190476
"2404",857,171,4.25
"2405",1322,171,3.82758620689655
"2406",2589,171,4
"2407",322,172,4.23255813953488
"2408",514,172,3.48275862068966
"2409",525,172,3.68965517241379
"2410",528,172,3.15384615384615
"2411",1484,172,3.39024390243902
"2412",1488,172,4.03333333333333
"2413",1756,172,3.76923076923077
"2414",2325,172,3.77777777777778
"2415",16,173,4.35
"2416",1180,173,4.725
"2417",1852,173,1.66666666666667
"2418",2497,173,4.81818181818182
"2419",2691,173,3.77777777777778
"2420",4,174,4.78571428571429
"2421",27,174,4.21428571428571
"2422",102,174,4.15
"2423",346,174,3.37931034482759
"2424",445,174,3.72222222222222
"2425",652,174,3.58333333333333
"2426",1126,174,4.7
"2427",2692,174,4.22222222222222
"2428",16,175,4.03508771929825
"2429",30,175,4.69767441860465
"2430",410,175,4.55555555555556
"2431",657,175,4.51219512195122
"2432",661,175,3.68181818181818
"2433",813,175,3.70833333333333
"2434",928,175,3.33333333333333
"2435",1434,175,3.44444444444444
"2436",1570,175,3.775
"2437",1754,175,3.78571428571429
"2438",186,176,4.14285714285714
"2439",197,176,4.16393442622951
"2440",1006,176,3.63636363636364
"2441",1285,176,4.48648648648649
"2442",1857,176,3.32
"2443",42,177,5
"2444",102,177,5.25
"2445",270,177,3.57352941176471
"2446",424,177,3.5
"2447",789,177,3.42307692307692
"2448",1918,177,4.35714285714286
"2449",2010,177,2.5
"2450",29,178,4.8780487804878
"2451",410,178,3.35714285714286
"2452",483,178,4.25423728813559
"2453",529,178,3.46153846153846
"2454",640,178,3.48
"2455",800,178,3.5
"2456",965,178,3.5625
"2457",1094,178,3.57894736842105
"2458",1665,178,3.48148148148148
"2459",525,179,4.97058823529412
"2460",616,179,3.68181818181818
"2461",617,179,3.77272727272727
"2462",783,179,3.68965517241379
"2463",1058,179,5.16666666666667
"2464",1160,179,4.11764705882353
"2465",61,180,3.93243243243243
"2466",1132,180,3.60869565217391
"2467",1159,180,4.05263157894737
"2468",1361,180,4.48780487804878
"2469",1445,180,3.54166666666667
"2470",1554,180,4.125
"2471",1767,180,3.59090909090909
"2472",1769,180,3.31818181818182
"2473",2104,180,3.38888888888889
"2474",366,181,3.88888888888889
"2475",482,181,3.51851851851852
"2476",570,181,3.45161290322581
"2477",855,181,4.07142857142857
"2478",1570,181,4.30952380952381
"2479",1822,181,4.125
"2480",1846,181,3.5
"2481",1492,182,3.82758620689655
"2482",1728,182,3.72413793103448
"2483",2351,182,3.375
"2484",518,183,3.41666666666667
"2485",954,183,3.31818181818182
"2486",993,183,3.51851851851852
"2487",1027,183,3.75
"2488",1403,183,3.90566037735849
"2489",1604,183,3.375
"2490",1626,183,4.09523809523809
"2491",1847,183,3.73076923076923
"2492",1875,183,3.5
"2493",2159,183,4
"2494",128,184,4.4390243902439
"2495",616,184,4.13888888888889
"2496",1195,184,5.11428571428571
"2497",1759,184,3.60975609756098
"2498",1816,184,4.14285714285714
"2499",2687,184,3.5
"2500",482,185,4.51515151515152
"2501",842,185,3.82051282051282
"2502",1170,185,3.48148148148148
"2503",1445,185,4.5
"2504",86,186,3.73684210526316
"2505",520,186,4.85294117647059
"2506",1262,186,4
"2507",1877,186,3.5
"2508",2537,186,4.75
"2509",636,187,3.65384615384615
"2510",974,187,4.15555555555556
"2511",1095,187,4.125
"2512",523,188,3.65384615384615
"2513",1050,188,3.52941176470588
"2514",1359,188,3.75
"2515",1403,188,3.85365853658537
"2516",1950,188,3.77777777777778
"2517",2013,188,4.31707317073171
"2518",127,189,4.25
"2519",953,189,3.72
"2520",1067,189,4.52380952380952
"2521",1653,189,3.7
"2522",15,190,3.87037037037037
"2523",204,190,3.60869565217391
"2524",320,190,3.66666666666667
"2525",341,190,4.27586206896552
"2526",346,190,4.52777777777778
"2527",618,190,3.47619047619048
"2528",928,190,4.91891891891892
"2529",1442,190,3.95652173913043
"2530",1476,190,3.76
"2531",1488,190,4.75609756097561
"2532",2012,190,4.13636363636364
"2533",2046,190,3.66666666666667
"2534",2328,190,3.92857142857143
"2535",968,191,3.66666666666667
"2536",988,191,3.42105263157895
"2537",2506,191,4.07692307692308
"2538",55,192,3.58333333333333
"2539",64,192,3.58333333333333
"2540",673,192,3.72727272727273
"2541",890,192,4.51162790697674
"2542",1652,192,3.5
"2543",1800,192,3.78571428571429
"2544",2103,192,3.9
"2545",219,193,3.5
"2546",231,193,3.42857142857143
"2547",524,193,3.41666666666667
"2548",775,193,3.59259259259259
"2549",1124,193,3.84615384615385
"2550",1159,193,4.78571428571429
"2551",1659,193,3.6875
"2552",31,194,3.49382716049383
"2553",237,194,3.39583333333333
"2554",612,194,3.60714285714286
"2555",1239,194,3.66666666666667
"2556",1614,194,3.52941176470588
"2557",1097,195,3.7
"2558",1916,195,3.54166666666667
"2559",1997,195,3.66666666666667
"2560",2108,195,3.88888888888889
"2561",2425,195,4.60606060606061
"2562",323,196,3.21428571428571
"2563",433,196,3.17857142857143
"2564",2427,196,5
"2565",326,197,3.48684210526316
"2566",436,197,3.3974358974359
"2567",1562,198,3.8125
"2568",1569,198,3.52941176470588
"2569",1717,198,3.44444444444444
"2570",1986,198,3.78947368421053
"2571",2026,198,3.72222222222222
"2572",2497,198,3.93333333333333
"2573",58,199,3.91666666666667
"2574",188,199,4.21875
"2575",515,199,3.5
"2576",961,199,3.58823529411765
"2577",1046,199,3.83333333333333
"2578",1751,199,4.07142857142857
"2579",146,200,4.11111111111111
"2580",184,200,3.94666666666667
"2581",345,200,4.61290322580645
"2582",1491,200,3.55882352941176
"2583",2690,200,3.55555555555556
"2584",263,201,3.70588235294118
"2585",812,201,3.96551724137931
"2586",1325,201,3.80769230769231
"2587",1872,201,3.46153846153846
"2588",612,202,3.44444444444444
"2589",898,202,3.75
"2590",1887,202,3.1875
"2591",944,203,3.32558139534884
"2592",960,203,3.66666666666667
"2593",237,204,3.70731707317073
"2594",611,205,4.69444444444444
"2595",2008,205,3.72222222222222
"2596",28,206,3.58024691358025
"2597",527,206,3.69230769230769
"2598",1127,206,3.85
"2599",1569,206,4.625
"2600",1619,206,3.44
"2601",2110,206,3.62068965517241
"2602",61,207,4.83333333333333
"2603",344,207,3.48148148148148
"2604",433,207,4.4
"2605",872,207,4.73809523809524
"2606",1163,207,4.725
"2607",1441,207,4.08333333333333
"2608",676,208,4.85714285714286
"2609",913,208,3.953125
"2610",1562,208,4.42857142857143
"2611",2673,208,4.25
"2612",499,209,3.46666666666667
"2613",1552,209,3.58536585365854
"2614",474,210,3.5
"2615",730,210,3.52173913043478
"2616",812,210,5.08823529411765
"2617",913,210,4.60975609756098
"2618",962,210,3.97560975609756
"2619",1028,210,4.22222222222222
"2620",1317,210,3.91525423728814
"2621",1545,210,3.77777777777778
"2622",129,211,3.53846153846154
"2623",644,211,3.43333333333333
"2624",1272,211,3.40740740740741
"2625",1324,211,4
"2626",326,212,3.83720930232558
"2627",436,212,3.61904761904762
"2628",1402,212,4
"2629",1622,212,3.88888888888889
"2630",1782,212,3.13636363636364
"2631",2756,212,4
"2632",933,213,3.66037735849057
"2633",935,213,3.57692307692308
"2634",2673,213,1.5
"2635",957,214,4.875
"2636",980,214,3.5
"2637",26,215,3.48809523809524
"2638",1785,215,3.6875
"2639",1965,215,3.375
"2640",896,216,3.55172413793103
"2641",1207,216,3.51724137931034
"2642",1073,217,3.48148148148148
"2643",2255,217,3.6875
"2644",196,218,3.72
"2645",323,218,4.47058823529412
"2646",858,218,3.5
"2647",1654,218,3.875
"2648",1658,218,3.53333333333333
"2649",1690,219,3.72881355932203
"2650",12,220,3.98484848484848
"2651",185,220,3.92647058823529
"2652",317,220,3.56
"2653",730,220,3.44444444444444
"2654",973,220,4.04545454545455
"2655",1114,220,3.85714285714286
"2656",531,221,3.5
"2657",1161,221,3.9
"2658",2027,221,3.68421052631579
"2659",1619,222,3.55555555555556
"2660",303,223,3.48
"2661",1162,224,4.3695652173913
"2662",564,225,4.14285714285714
"2663",1210,225,4.2
"2664",1534,225,3.95652173913043
"2665",1871,225,3.9047619047619
"2666",1453,226,3.80952380952381
"2667",1691,226,4.25
"2668",1491,227,4
"2669",2402,227,5
"2670",445,228,4.575
"2671",515,228,4.79411764705882
"2672",894,228,4.42857142857143
"2673",1272,228,4.1
"2674",31,229,4
"2675",288,229,3.55
"2676",1056,229,3.82352941176471
"2677",1798,229,3.41176470588235
"2678",2699,229,3.14285714285714
"2679",660,230,3.91666666666667
"2680",933,230,3.95348837209302
"2681",1161,230,4.71428571428571
"2682",1623,230,3.76666666666667
"2683",2107,230,3.8
"2684",945,231,4
"2685",1690,231,4.53658536585366
"2686",2499,231,4.77777777777778
"2687",2688,231,3.5
"2688",352,232,4.05128205128205
"2689",912,232,4.08571428571429
"2690",1965,232,3.82352941176471
"2691",2698,232,4.34285714285714
"2692",329,233,4.875
"2693",564,233,3.71212121212121
"2694",818,233,2.75
"2695",1621,233,3.74626865671642
"2696",770,234,3.55555555555556
"2697",844,234,4.06976744186047
"2698",1070,234,3.6
"2699",1143,235,3.82456140350877
"2700",1404,235,3.375
"2701",1871,235,4.66666666666667
"2702",966,236,4
"2703",1398,236,3.6
"2704",2035,236,3.63157894736842
"2705",1142,237,3.68
"2706",26,238,3.69047619047619
"2707",1071,238,3.54166666666667
"2708",1154,238,4.35714285714286
"2709",1143,239,4.64285714285714
"2710",1330,239,3.80952380952381
"2711",328,240,4.96969696969697
"2712",427,240,3.63157894736842
"2713",704,240,4.11111111111111
"2714",1324,240,4.92857142857143
"2715",328,241,3.51724137931034
"2716",609,241,3.38235294117647
"2717",896,241,4.83783783783784
"2718",1404,241,4.7
"2719",458,243,3.36363636363636
"2720",775,243,4.61111111111111
"2721",1054,244,3.94117647058824
"2722",424,245,4.79411764705882
"2723",963,245,3.5
"2724",1092,245,3.33333333333333
"2725",1532,245,4.35
"2726",2097,245,3.83333333333333
"2727",577,246,3.59259259259259
"2728",585,247,3.47826086956522
"2729",585,248,4.91176470588235
"2730",1384,248,3.30434782608696
"2731",321,249,3.58620689655172
"2732",970,249,3.65217391304348
"2733",325,250,3.71428571428571
"2734",558,250,3.28571428571429
"2735",1322,250,4.71428571428571
"2736",1753,250,3.96551724137931
"2737",2069,250,3.41176470588235
"2738",1315,253,3.79166666666667
"2739",1532,253,3.54545454545455
"2740",2684,253,3.5
"2741",801,254,4.25
"2742",935,254,4.44444444444444
"2743",1162,254,4.825
"2744",652,255,4.39024390243902
"2745",1274,255,3.66666666666667
"2746",325,256,4.41860465116279
"2747",706,256,3.25925925925926
"2748",2025,256,3.8125
"2749",512,258,3.96153846153846
"2750",577,258,5.1875
"2751",766,258,3.24
"2752",1315,259,5.13888888888889
"2753",2488,259,3.5625
"2754",765,260,3.59090909090909
"2755",1236,260,3.76
"2756",1399,260,3.89795918367347
"2757",418,261,3.35714285714286
"2758",1400,261,3.73214285714286
"2759",321,263,5.03030303030303
"2760",1914,263,3.5
"2761",1400,264,4.09302325581395
"2762",1571,264,3.625
"2763",1279,265,3.64179104477612
"2764",2684,265,4
"2765",1274,266,4.69230769230769
"2766",1395,266,3.45454545454545
"2767",1401,266,3.58333333333333
"2768",2303,266,3.88888888888889
"2769",481,267,3.44827586206897
"2770",1504,267,4.33333333333333
"2771",764,268,4.1219512195122
"2772",991,270,4.61904761904762
"2773",147,271,4.1025641025641
"2774",481,271,4.93939393939394
"2775",1279,271,4.16666666666667
"2776",513,272,3.31578947368421
"2777",1533,272,3.625
"2778",1544,272,4.5
"2779",1651,272,5
"2780",28,274,4.31707317073171
"2781",789,275,4.52777777777778
"2782",1399,275,4.65
"2783",1409,275,5.33333333333333
"2784",418,276,4.5
"2785",514,276,4.5
"2786",1326,276,3.58333333333333
"2787",1651,276,3.875
"2788",1276,277,4.91666666666667
"2789",1401,279,3.62790697674419
"2790",480,280,3.64285714285714
"2791",806,280,3.66666666666667
"2792",1278,280,3.44444444444444
"2793",1390,280,3.49019607843137
"2794",1390,282,3.83720930232558
"2795",480,283,4.6
"2796",1320,284,3.96153846153846
"2797",1654,284,4
"2798",1278,286,4.85714285714286
"2799",1385,286,3.66666666666667
"2800",603,288,4.33333333333333
"2801",1620,289,4.28571428571429
"2802",1736,289,4.77777777777778
"2803",1385,291,4.65714285714286
"2804",1751,291,5.12121212121212
"2805",1884,291,3.77777777777778
"2806",200,292,3.78947368421053
"2807",1022,292,3.56
"2808",817,295,3.66666666666667
"2809",1022,295,4.44444444444444
"2810",1625,295,3.93103448275862
"2811",86,297,4.9375
"2812",1397,299,3.71428571428571
"2813",1021,300,3.80769230769231
"2814",2090,300,4.22222222222222
"2815",2165,300,3.83333333333333
"2816",1141,302,3.4
"2817",6,303,3.89189189189189
"2818",603,306,3.76
"2819",1840,306,0
"2820",964,307,3.3125
"2821",1070,307,5.05555555555556
"2822",1423,307,3.91525423728814
"2823",1144,308,3.56
"2824",1423,308,4.60975609756098
"2825",783,310,3.88888888888889
"2826",1144,310,4.42857142857143
"2827",1236,310,5
"2828",1405,310,4.41860465116279
"2829",1277,312,3.26923076923077
"2830",1397,312,4.89189189189189
"2831",531,315,4.52941176470588
"2832",1396,315,4.83783783783784
"2833",7,317,4.32558139534884
"2834",1275,318,3.43333333333333
"2835",958,320,3.7037037037037
"2836",1101,320,4.34883720930233
"2837",1327,320,3.76923076923077
"2838",605,321,3.37931034482759
"2839",1189,321,4.54285714285714
"2840",958,322,4.75675675675676
"2841",1182,322,3.51851851851852
"2842",605,323,4
"2843",453,325,3.68
"2844",1275,325,4.86486486486486
"2845",453,326,5.06060606060606
"2846",1182,327,4.48571428571429
"2847",1387,330,3.25
"2848",959,336,3.5
"2849",1178,338,3.55172413793103
"2850",1327,340,2.8
"2851",1917,341,3.375
"2852",815,343,4.5
"2853",1179,343,3.44444444444444
"2854",1187,345,3.52
"2855",1087,346,3.55555555555556
"2856",1187,346,4.22222222222222
"2857",1761,346,4.625
"2858",1172,352,3.45454545454545
"2859",1172,354,4.81081081081081
"2860",1637,360,4.125
"2861",956,363,3.76923076923077
"2862",1386,366,3.78260869565217
"2863",327,368,3.64285714285714
"2864",573,370,3.80769230769231
"2865",956,370,4.1
"2866",573,373,4.78787878787879
"2867",1386,375,4.62962962962963
"2868",6,376,4.78048780487805
"2869",70,378,3.69565217391304
"2870",7,380,3.80263157894737
"2871",123,382,3.88
"2872",808,385,3.57142857142857
"2873",791,390,3.62962962962963
"2874",1169,394,3.62962962962963
"2875",760,398,3.5
"2876",1211,398,4
"2877",1388,399,4.16666666666667
"2878",69,400,4.25581395348837
"2879",752,400,3.65
"2880",908,400,3.85185185185185
"2881",5,402,4.01369863013699
"2882",819,403,3.89473684210526
"2883",1388,404,5.02857142857143
"2884",5,406,4.73684210526316
"2885",1280,406,3.54166666666667
"2886",5,407,2.83333333333333
"2887",820,409,3.83333333333333
"2888",1211,409,4.5
"2889",809,410,4.28571428571429
"2890",1024,415,3.54166666666667
"2891",1184,419,3.68852459016393
"2892",797,420,3.81818181818182
"2893",889,425,3.87878787878788
"2894",2090,426,4.47368421052632
"2895",748,433,3.90243902439024
"2896",135,442,3.79166666666667
"2897",1184,442,4.37209302325581
"2898",1115,447,3.70967741935484
"2899",187,448,3.77272727272727
"2900",521,451,3.77272727272727
"2901",604,451,4.88888888888889
"2902",1366,462,3.92307692307692
"2903",791,464,4.76470588235294
"2904",576,465,3.67857142857143
"2905",2256,465,4.2
"2906",576,470,5.21212121212121
"2907",1074,470,3.84615384615385
"2908",578,471,4.88888888888889
"2909",578,472,3.71428571428571
"2910",1074,475,5.02702702702703
"2911",604,478,4
"2912",1994,480,3.96296296296296
"2913",575,491,3.60714285714286
"2914",590,511,3.61538461538462
"2915",1737,530,4.85185185185185
"2916",1810,542,4.1875
"2917",574,544,3.88461538461538
"2918",1732,545,4.28571428571429
"2919",582,555,4.87179487179487
"2920",1711,592,3.57142857142857
"2921",815,601,5.14285714285714
